FOLIO,FECHA_EXPEDICION,VIGENCIA,CODIGO_BARRAS,CLIENTE_ID
vc-08436,25/03/2024,25/03/2025,90194691309,1
be-40525,08/06/2022,08/06/2023,79726022425,2
mi-02006,19/01/2015,19/01/2016,21379707997,3
hd-08509,22/08/2021,22/08/2022,86888485130,4
pq-26726,12/01/2020,12/01/2021,49085889136,5
vk-69510,01/11/2022,01/11/2023,22372132326,6
vc-83238,10/02/2019,10/02/2020,36230993338,7
dk-02192,01/04/2024,01/04/2025,82725497717,8
fv-54443,23/11/2022,23/11/2023,38953735684,9
eg-08748,25/02/2018,25/02/2019,74375556859,10
zu-73362,13/04/2016,13/04/2017,00494268543,11
hk-35122,28/06/2017,28/06/2018,49327341681,12
hv-53680,02/01/2021,02/01/2022,61926533031,13
ve-72927,21/12/2024,21/12/2025,54881502061,14
ur-49092,16/03/2021,16/03/2022,78086792520,15
rf-05187,04/06/2023,04/06/2024,09193281965,16
qd-95693,26/11/2017,26/11/2018,45372337789,17
xs-37959,19/05/2015,19/05/2016,92949919863,18
mz-39596,30/06/2024,30/06/2025,05357262174,19
lo-38339,09/08/2018,09/08/2019,84045664917,20
vl-75063,22/05/2018,22/05/2019,93252993960,21
vo-91640,14/03/2022,14/03/2023,99688382298,22
ac-48558,15/11/2024,15/11/2025,03807204412,23
ev-46457,14/09/2025,14/09/2026,83637489945,24
ys-05971,09/03/2022,09/03/2023,93102783208,25
ay-28474,11/11/2021,11/11/2022,44618269672,26
yr-68926,06/06/2023,06/06/2024,11028079132,27
hz-36016,25/11/2020,25/11/2021,90131008487,28
mh-64622,20/01/2017,20/01/2018,23267196611,29
xm-18430,05/01/2022,05/01/2023,86872550579,30
yy-61401,19/05/2021,19/05/2022,49923798189,31
cf-49276,06/07/2021,06/07/2022,60288283072,32
rj-54160,12/03/2023,12/03/2024,34265917016,33
ax-00844,03/09/2017,03/09/2018,73029764225,34
ee-56999,03/11/2017,03/11/2018,66587541372,35
hx-82480,16/10/2015,16/10/2016,26113022774,36
sx-08430,12/03/2025,12/03/2026,17892723811,37
os-24766,19/08/2025,19/08/2026,51625045698,38
ud-01967,25/08/2019,25/08/2020,25838393581,39
pe-20494,24/01/2025,24/01/2026,68150121086,40
hw-37630,02/07/2019,02/07/2020,98085757024,41
hc-24843,15/08/2021,15/08/2022,30660572483,42
bn-64844,24/06/2017,24/06/2018,91623306026,43
gb-04760,21/06/2019,21/06/2020,86970382197,44
ea-95308,21/07/2018,21/07/2019,28965052687,45
hn-34298,29/05/2017,29/05/2018,51821659843,46
te-08737,29/03/2022,29/03/2023,87208875732,47
at-08178,13/05/2025,13/05/2026,39402053562,48
mf-35743,21/08/2018,21/08/2019,80958372819,49
nn-47068,20/02/2025,20/02/2026,42011208304,50
ut-77520,01/02/2021,01/02/2022,81759421750,51
ht-51811,30/06/2025,30/06/2026,40665581437,52
gp-26848,19/06/2018,19/06/2019,72535413331,53
px-54676,23/06/2019,23/06/2020,69147180684,54
ud-11254,05/08/2023,05/08/2024,52622398773,55
qb-23809,16/09/2015,16/09/2016,20213355418,56
ui-77964,13/11/2021,13/11/2022,56403909687,57
tn-91301,22/08/2021,22/08/2022,21971199007,58
bz-03001,02/11/2016,02/11/2017,35358082713,59
vv-04817,20/03/2015,20/03/2016,10008793478,60
nf-76028,05/07/2016,05/07/2017,62631550791,61
xk-14826,09/03/2016,09/03/2017,20066144361,62
ai-30689,15/10/2021,15/10/2022,30757371653,63
ji-41256,21/05/2019,21/05/2020,32739652686,64
ms-93707,03/02/2025,03/02/2026,90170825638,65
bd-57225,16/09/2020,16/09/2021,74252051937,66
og-72543,21/04/2018,21/04/2019,76821047672,67
xj-27781,21/09/2015,21/09/2016,00169606177,68
os-40463,31/10/2020,31/10/2021,32001289942,69
th-72975,29/04/2019,29/04/2020,27152200159,70
no-16053,22/07/2017,22/07/2018,52765589943,71
ut-24267,16/07/2020,16/07/2021,91446952100,72
ia-17821,01/11/2018,01/11/2019,62244551243,73
fk-95538,30/09/2017,30/09/2018,58268654213,74
ah-76460,25/03/2023,25/03/2024,47999554044,75
oe-88751,08/03/2023,08/03/2024,03548785846,76
zq-33486,20/04/2016,20/04/2017,35951173374,77
pl-16538,09/08/2019,09/08/2020,96573174127,78
xm-18617,15/11/2025,15/11/2026,05007683875,79
lb-96703,08/03/2016,08/03/2017,69073353921,80
xf-63710,27/04/2024,27/04/2025,56156157336,81
xd-94642,11/08/2022,11/08/2023,04450050347,82
oc-29153,13/04/2018,13/04/2019,29282787659,83
tc-50049,19/07/2023,19/07/2024,50080489899,84
en-10249,16/12/2017,16/12/2018,52964704681,85
pa-58337,27/10/2022,27/10/2023,87374181249,86
fg-25670,02/01/2018,02/01/2019,16919671044,87
no-72642,04/02/2021,04/02/2022,43423072683,88
hv-18305,09/05/2024,09/05/2025,40714378074,89
cg-00576,10/12/2021,10/12/2022,79371439710,90
aq-87679,17/08/2019,17/08/2020,62673773930,91
mz-27224,16/02/2018,16/02/2019,48569658747,92
nr-32078,13/12/2019,13/12/2020,44003127091,93
ig-87628,07/09/2021,07/09/2022,03338142164,94
dd-90402,14/11/2017,14/11/2018,89002481912,95
zi-17738,09/10/2020,09/10/2021,70106802695,96
iz-79065,29/06/2023,29/06/2024,26188893007,97
cb-89955,30/05/2022,30/05/2023,15915681459,98
ut-21156,29/12/2018,29/12/2019,49817882399,99
br-36678,27/06/2017,27/06/2018,03578447038,100
sv-63267,19/11/2019,19/11/2020,56060244830,101
vs-50811,13/03/2024,13/03/2025,74850810120,102
kz-05565,26/07/2015,26/07/2016,12013351059,103
uw-31469,24/10/2020,24/10/2021,22473910836,104
xc-82395,10/10/2024,10/10/2025,42075820201,105
uu-57242,11/03/2019,11/03/2020,15518655621,106
qn-05508,24/09/2016,24/09/2017,14713627831,107
bo-02398,12/08/2023,12/08/2024,53661115629,108
pf-95758,19/12/2024,19/12/2025,28862414695,109
ru-35226,20/07/2019,20/07/2020,31467536922,110
fy-46248,30/04/2019,30/04/2020,35214691614,111
hx-63518,06/07/2016,06/07/2017,61382719533,112
ex-45688,08/10/2020,08/10/2021,43661221229,113
mt-78174,08/10/2016,08/10/2017,28746554541,114
wq-74020,09/05/2023,09/05/2024,64045590139,115
ek-83523,22/06/2019,22/06/2020,57922646922,116
uv-85179,07/01/2019,07/01/2020,95528884797,117
dw-48977,03/11/2015,03/11/2016,12672120576,118
hz-01604,29/09/2020,29/09/2021,66833784691,119
fs-29929,24/02/2022,24/02/2023,71340342117,120
wq-42913,20/02/2017,20/02/2018,99434756734,121
sm-03977,12/02/2015,12/02/2016,14864002967,122
mr-36313,30/08/2015,30/08/2016,12967320598,123
fu-97710,10/01/2019,10/01/2020,78402967935,124
ib-70375,18/03/2023,18/03/2024,31081628747,125
sm-49501,06/06/2021,06/06/2022,41730173138,126
hg-04574,27/12/2024,27/12/2025,62730460633,127
mo-54391,01/12/2021,01/12/2022,28813634899,128
ng-10716,20/10/2024,20/10/2025,22320888652,129
de-42644,15/06/2022,15/06/2023,55996403845,130
bc-70405,26/11/2025,26/11/2026,29209183158,131
bb-07409,14/04/2015,14/04/2016,90615772879,132
xr-32074,30/11/2015,30/11/2016,49469611081,133
mo-89537,25/07/2021,25/07/2022,69814708620,134
to-63470,22/09/2022,22/09/2023,44338155526,135
op-62621,02/02/2017,02/02/2018,08375826736,136
wk-77492,16/08/2015,16/08/2016,09401675884,137
rc-75486,30/08/2015,30/08/2016,27204568130,138
xw-81586,02/10/2021,02/10/2022,05514668679,139
fc-88785,12/05/2018,12/05/2019,82604774440,140
ss-66684,08/03/2015,08/03/2016,31177560014,141
wl-39637,10/11/2024,10/11/2025,80502840503,142
xd-81892,26/07/2017,26/07/2018,78306069796,143
fu-28738,19/12/2021,19/12/2022,27801720768,144
nm-42973,17/02/2023,17/02/2024,59588087944,145
ez-61800,31/12/2021,31/12/2022,20568159489,146
bz-88271,24/02/2019,24/02/2020,79537466790,147
cw-79242,23/05/2015,23/05/2016,06152924678,148
he-10993,22/09/2017,22/09/2018,91456461104,149
ts-33385,19/07/2023,19/07/2024,17470842276,150
yv-54390,08/05/2024,08/05/2025,63533979155,151
hq-70444,23/02/2024,23/02/2025,38866790350,152
xg-15273,03/09/2016,03/09/2017,50278439148,153
zy-01558,09/12/2020,09/12/2021,42770824661,154
zg-49815,03/02/2021,03/02/2022,53322297848,155
pt-46076,29/05/2025,29/05/2026,98698307700,156
wm-71119,15/11/2023,15/11/2024,86997969337,157
po-19980,12/02/2024,12/02/2025,45753526821,158
ax-06793,19/06/2024,19/06/2025,45289995111,159
mt-03559,16/07/2025,16/07/2026,69908517614,160
fg-21051,30/05/2025,30/05/2026,65385321849,161
me-42119,05/10/2023,05/10/2024,18468844336,162
pm-78791,20/03/2018,20/03/2019,93648800591,163
tc-73208,06/07/2023,06/07/2024,64004301450,164
kk-94195,08/02/2023,08/02/2024,87309723874,165
ur-58944,17/04/2025,17/04/2026,74628147949,166
qa-66888,16/11/2020,16/11/2021,29701860664,167
ml-54567,10/03/2022,10/03/2023,75732358973,168
kx-75538,26/07/2015,26/07/2016,85935621543,169
hh-69925,08/06/2023,08/06/2024,48498943782,170
vx-91391,30/03/2015,30/03/2016,56811980787,171
hm-99333,12/01/2016,12/01/2017,79696404532,172
hm-65166,13/12/2017,13/12/2018,46775165383,173
it-19963,17/02/2025,17/02/2026,47754822203,174
cx-33455,28/12/2019,28/12/2020,04248844310,175
br-13101,27/01/2021,27/01/2022,95524141473,176
yg-68945,21/03/2021,21/03/2022,95782088249,177
qv-18561,20/06/2019,20/06/2020,85343912494,178
kl-01135,20/04/2025,20/04/2026,88579777844,179
kk-80422,13/10/2015,13/10/2016,33740282267,180
yk-97665,23/06/2025,23/06/2026,82556964589,181
ce-93648,24/03/2015,24/03/2016,12229452816,182
of-39921,01/01/2020,01/01/2021,12073345856,183
fn-41923,21/11/2024,21/11/2025,13416156677,184
xz-27856,10/10/2025,10/10/2026,15374682824,185
mf-50826,19/06/2024,19/06/2025,67913854700,186
go-98476,01/05/2021,01/05/2022,37546804864,187
iw-76790,27/03/2023,27/03/2024,81287450218,188
lu-59692,02/09/2023,02/09/2024,00084313361,189
wi-43386,06/12/2017,06/12/2018,13833818129,190
sx-04637,14/01/2021,14/01/2022,62377796572,191
kd-01489,22/01/2022,22/01/2023,90243015452,192
ak-03573,08/01/2020,08/01/2021,32800969412,193
wm-19958,18/05/2023,18/05/2024,66108036419,194
py-90549,20/09/2020,20/09/2021,78462481834,195
xa-44037,10/06/2018,10/06/2019,38272481628,196
zq-30199,12/12/2015,12/12/2016,00865265076,197
sl-88413,22/06/2021,22/06/2022,17315022474,198
po-66508,21/11/2020,21/11/2021,06522798098,199
oy-82859,29/08/2018,29/08/2019,91066997298,200
nb-90066,24/03/2020,24/03/2021,72077041252,201
vy-55724,12/01/2019,12/01/2020,91248109787,202
tv-60306,11/04/2016,11/04/2017,87381917800,203
dj-44134,28/07/2017,28/07/2018,84658224089,204
wp-52622,10/06/2015,10/06/2016,33075722099,205
vc-52797,21/12/2025,21/12/2026,55188190671,206
bj-25637,18/04/2024,18/04/2025,78169971886,207
kr-43070,11/02/2021,11/02/2022,50720603281,208
if-77046,20/05/2017,20/05/2018,40069378932,209
jd-29922,24/07/2019,24/07/2020,88915330021,210
xq-53268,11/07/2018,11/07/2019,37269180303,211
sr-01311,07/09/2024,07/09/2025,13352769394,212
gc-26347,10/12/2015,10/12/2016,88238916791,213
bw-15994,21/11/2018,21/11/2019,50309902805,214
or-76077,23/04/2019,23/04/2020,95189175359,215
zk-98636,28/01/2017,28/01/2018,03429202360,216
if-19355,31/08/2015,31/08/2016,97049928604,217
pd-45483,05/02/2016,05/02/2017,77774369335,218
yi-92204,04/02/2017,04/02/2018,86365304306,219
ui-96533,11/10/2022,11/10/2023,37592590049,220
bq-72141,04/06/2021,04/06/2022,60197952354,221
uf-65902,06/05/2022,06/05/2023,50252171796,222
oo-28718,27/09/2017,27/09/2018,61487843503,223
du-80651,27/01/2024,27/01/2025,12185608593,224
cq-85129,18/03/2018,18/03/2019,11088610299,225
pu-10673,16/11/2016,16/11/2017,46622825503,226
bx-37715,07/02/2025,07/02/2026,43995344089,227
jb-48716,16/10/2015,16/10/2016,14893450345,228
br-52409,28/07/2025,28/07/2026,45962273204,229
gx-32737,19/04/2017,19/04/2018,96724646188,230
ju-75235,22/04/2023,22/04/2024,25032157616,231
ml-26749,31/12/2018,31/12/2019,83213406214,232
ld-28785,04/07/2020,04/07/2021,08507100799,233
ns-85331,21/02/2024,21/02/2025,55518147026,234
jv-42040,14/10/2018,14/10/2019,85376786377,235
xl-71898,24/07/2023,24/07/2024,93142578402,236
or-11702,06/08/2018,06/08/2019,30096019904,237
av-73473,14/11/2025,14/11/2026,99337827258,238
rv-52350,19/04/2022,19/04/2023,81825996579,239
rp-01317,01/10/2020,01/10/2021,03448796342,240
ya-76334,30/07/2015,30/07/2016,80127746372,241
xp-80318,02/05/2018,02/05/2019,32836221150,242
qz-58316,29/10/2017,29/10/2018,65093046962,243
fh-18953,03/11/2019,03/11/2020,48202199957,244
zg-58348,06/11/2022,06/11/2023,64492140952,245
em-28066,29/04/2015,29/04/2016,45540264305,246
gh-18590,16/06/2020,16/06/2021,49421168217,247
cn-10847,23/05/2020,23/05/2021,78639350540,248
yy-61573,13/09/2021,13/09/2022,23420085653,249
cy-27805,11/10/2019,11/10/2020,12622275490,250
la-59652,02/03/2017,02/03/2018,99579060012,251
co-78925,19/09/2015,19/09/2016,09968124197,252
ef-91598,10/03/2020,10/03/2021,97740255838,253
dz-93738,09/06/2025,09/06/2026,74343879580,254
wa-72777,19/02/2021,19/02/2022,16480117942,255
ql-99310,26/10/2020,26/10/2021,52819633333,256
vm-34861,10/06/2023,10/06/2024,06168675822,257
as-87058,23/10/2018,23/10/2019,89512022025,258
by-47473,01/02/2019,01/02/2020,25645197457,259
lb-47810,28/07/2019,28/07/2020,07258988662,260
jh-57829,28/08/2024,28/08/2025,86552857263,261
jr-14962,16/12/2016,16/12/2017,17192211400,262
cj-96201,24/06/2019,24/06/2020,17317805851,263
tc-49130,04/07/2017,04/07/2018,57117793292,264
an-75416,30/05/2018,30/05/2019,61987392094,265
up-80043,13/10/2022,13/10/2023,87758541027,266
wo-52778,07/02/2019,07/02/2020,27993845988,267
dz-32895,20/04/2017,20/04/2018,80391885850,268
lj-34781,06/09/2024,06/09/2025,42821046410,269
gn-51583,07/10/2021,07/10/2022,68169620427,270
ka-98697,20/08/2017,20/08/2018,60980806270,271
nd-14866,25/09/2021,25/09/2022,76569822170,272
wk-36875,05/04/2019,05/04/2020,37590995246,273
mh-11186,09/12/2018,09/12/2019,89203709973,274
qq-66214,01/04/2018,01/04/2019,52380726339,275
gg-13082,03/08/2019,03/08/2020,69294734254,276
zi-51208,19/04/2022,19/04/2023,65857169539,277
kc-95444,27/09/2020,27/09/2021,88838411444,278
bl-02833,12/03/2017,12/03/2018,00449192609,279
yz-29035,09/05/2017,09/05/2018,59624643250,280
ha-11020,13/11/2018,13/11/2019,70566787455,281
el-06638,27/03/2023,27/03/2024,58793797775,282
pc-69578,26/10/2015,26/10/2016,28976813919,283
kl-46268,07/09/2022,07/09/2023,37529568285,284
dx-34975,23/03/2018,23/03/2019,37085371448,285
oa-93281,03/04/2020,03/04/2021,52238359824,286
ww-99122,17/01/2022,17/01/2023,90952677901,287
yr-31419,03/08/2017,03/08/2018,83592847595,288
ty-96059,22/06/2020,22/06/2021,82761196253,289
rb-20532,22/07/2025,22/07/2026,99600271405,290
pf-25093,27/03/2025,27/03/2026,93671653874,291
oj-13742,13/12/2020,13/12/2021,32256269671,292
di-93355,04/09/2017,04/09/2018,35342009546,293
cd-25653,27/11/2020,27/11/2021,30178608080,294
mx-91989,12/11/2024,12/11/2025,45665353476,295
wu-13306,03/04/2019,03/04/2020,22517830772,296
bo-29764,05/01/2022,05/01/2023,28685207541,297
bu-76052,06/04/2019,06/04/2020,32639428369,298
nl-07916,15/06/2025,15/06/2026,56690416295,299
hu-63743,06/01/2018,06/01/2019,48985939630,300
wh-03454,22/02/2019,22/02/2020,69785767150,301
na-74517,04/02/2016,04/02/2017,71444357002,302
br-11554,31/08/2015,31/08/2016,56856364731,303
bo-19555,25/10/2024,25/10/2025,17449533852,304
ug-90371,11/09/2022,11/09/2023,25398631350,305
wc-33574,14/10/2017,14/10/2018,30786117053,306
yo-41990,01/03/2020,01/03/2021,94691413769,307
zl-53080,08/11/2018,08/11/2019,86009191484,308
re-87249,01/11/2025,01/11/2026,89501166194,309
wa-75913,08/06/2022,08/06/2023,14976490954,310
pw-32445,19/08/2024,19/08/2025,75346596233,311
sr-73435,19/06/2019,19/06/2020,61829563018,312
ta-69522,01/10/2018,01/10/2019,06589929708,313
gd-79724,09/08/2023,09/08/2024,00823902070,314
li-29700,17/03/2016,17/03/2017,40860458604,315
su-53814,12/04/2019,12/04/2020,22796940818,316
nu-19345,11/05/2023,11/05/2024,98463082667,317
ij-49938,23/01/2023,23/01/2024,96537583787,318
ke-72089,04/07/2019,04/07/2020,30198112512,319
ky-55783,06/11/2025,06/11/2026,38199458535,320
oh-21877,25/01/2018,25/01/2019,15110538606,321
lf-57214,15/05/2025,15/05/2026,39989227709,322
sx-38356,10/04/2019,10/04/2020,46838245888,323
qy-13787,07/02/2018,07/02/2019,24596148860,324
sy-25587,16/05/2020,16/05/2021,79044986559,325
be-48222,06/02/2024,06/02/2025,64268598463,326
ai-13212,20/01/2019,20/01/2020,44222901304,327
es-43234,07/05/2017,07/05/2018,13938781287,328
ej-02525,06/08/2016,06/08/2017,29489277418,329
sf-38915,24/05/2018,24/05/2019,48324233506,330
zk-09933,21/05/2025,21/05/2026,40754934217,331
lq-54476,21/02/2020,21/02/2021,62794739247,332
wy-51724,23/01/2019,23/01/2020,08413190406,333
ya-63952,30/05/2021,30/05/2022,42597956939,334
rp-51453,05/06/2021,05/06/2022,01711536142,335
wn-91961,31/05/2020,31/05/2021,11893271611,336
ls-07017,18/10/2021,18/10/2022,44937383503,337
mx-56195,10/07/2025,10/07/2026,09260643342,338
px-24536,07/12/2016,07/12/2017,03613303021,339
eq-81115,16/12/2018,16/12/2019,09598113875,340
hf-77053,11/08/2024,11/08/2025,16478376337,341
ua-66027,27/03/2021,27/03/2022,39919450317,342
hw-28269,10/03/2024,10/03/2025,72473785897,343
ox-73412,04/10/2024,04/10/2025,86530149222,344
ex-76883,19/05/2016,19/05/2017,94579073243,345
co-61292,15/10/2020,15/10/2021,45035043299,346
ec-33282,30/11/2016,30/11/2017,08297707583,347
bs-72403,05/04/2023,05/04/2024,01396206672,348
eq-38452,28/05/2025,28/05/2026,89305766546,349
fm-58220,02/03/2018,02/03/2019,07315986914,350
zu-40385,22/04/2022,22/04/2023,24860347582,351
rl-45621,01/11/2020,01/11/2021,92282590858,352
rk-48979,04/01/2025,04/01/2026,78977423961,353
nu-72156,13/03/2017,13/03/2018,21549457134,354
mu-99591,10/12/2015,10/12/2016,47492985411,355
nz-10201,12/06/2022,12/06/2023,23158849741,356
xt-80482,14/08/2017,14/08/2018,12373516161,357
yk-54690,06/04/2017,06/04/2018,34717437796,358
hm-57274,23/08/2016,23/08/2017,39547017845,359
vo-39734,31/05/2015,31/05/2016,83222873524,360
mx-27202,22/02/2017,22/02/2018,24678898317,361
ui-68994,11/07/2017,11/07/2018,72187987832,362
yk-51015,07/04/2018,07/04/2019,78254105107,363
ks-05235,12/10/2024,12/10/2025,46529834981,364
ez-94706,12/05/2021,12/05/2022,48911829515,365
fm-38826,14/02/2020,14/02/2021,17700968694,366
ww-84732,19/10/2015,19/10/2016,61461621419,367
un-02054,25/10/2023,25/10/2024,84157918307,368
qn-04284,08/03/2024,08/03/2025,94285271183,369
zl-82377,01/01/2019,01/01/2020,86513424308,370
on-01845,16/11/2025,16/11/2026,65128208119,371
zj-33856,30/05/2020,30/05/2021,27632173573,372
kw-73233,13/02/2023,13/02/2024,69630127082,373
ym-02107,20/11/2019,20/11/2020,23958168823,374
wt-20885,11/04/2019,11/04/2020,42302570986,375
bv-49663,18/08/2023,18/08/2024,07001691505,376
in-78869,26/12/2024,26/12/2025,13631545835,377
ea-94263,14/07/2025,14/07/2026,73621874438,378
we-67660,19/11/2025,19/11/2026,92783112151,379
bx-30101,26/10/2017,26/10/2018,49870205147,380
nd-25987,16/03/2023,16/03/2024,46416388002,381
br-68387,05/08/2019,05/08/2020,24046388331,382
tf-43471,26/04/2024,26/04/2025,25042900080,383
ii-07285,18/05/2023,18/05/2024,82485968058,384
xh-76348,16/11/2020,16/11/2021,15068672908,385
vw-67472,05/06/2024,05/06/2025,05342014132,386
re-18118,26/05/2018,26/05/2019,31717264218,387
tk-44284,18/10/2022,18/10/2023,86266187974,388
on-55365,10/03/2022,10/03/2023,48750340836,389
xy-27564,22/11/2017,22/11/2018,36042255067,390
kp-84254,13/03/2023,13/03/2024,58158279890,391
pl-83789,25/10/2020,25/10/2021,41812009317,392
ek-13171,18/03/2023,18/03/2024,95777123702,393
bo-70475,22/10/2018,22/10/2019,10826547871,394
qm-19426,30/07/2021,30/07/2022,82216135658,395
gk-04589,27/10/2016,27/10/2017,07680891609,396
ay-40933,12/03/2024,12/03/2025,26648445761,397
fl-68470,11/10/2016,11/10/2017,55458664424,398
uk-90454,15/04/2019,15/04/2020,38618190712,399
lq-16010,04/12/2021,04/12/2022,56043562656,400
jv-14666,02/10/2022,02/10/2023,84710419294,401
xx-66717,18/05/2018,18/05/2019,20086509879,402
rc-98276,08/01/2021,08/01/2022,76186675591,403
tq-87530,15/10/2022,15/10/2023,47093114401,404
vx-58600,09/03/2023,09/03/2024,13123822493,405
zx-78450,25/12/2020,25/12/2021,11567498872,406
qm-35914,01/05/2021,01/05/2022,73565996485,407
aa-91386,04/07/2015,04/07/2016,90454136778,408
ka-05735,05/09/2015,05/09/2016,50507723023,409
kz-73271,26/02/2023,26/02/2024,61043875997,410
nw-59768,25/09/2018,25/09/2019,80702034850,411
uw-41554,03/10/2018,03/10/2019,83147896787,412
ax-55527,08/04/2021,08/04/2022,57012433841,413
ch-06652,24/03/2020,24/03/2021,66889901547,414
tc-32298,05/01/2021,05/01/2022,20584622225,415
lo-67633,01/10/2023,01/10/2024,86406055058,416
ny-57258,20/11/2025,20/11/2026,55650497053,417
zs-89215,16/01/2024,16/01/2025,53436873473,418
kb-30510,06/12/2025,06/12/2026,68902161958,419
qr-39103,21/02/2017,21/02/2018,91387234904,420
ts-70685,28/12/2017,28/12/2018,81678192344,421
qg-50118,19/05/2025,19/05/2026,80263077052,422
cn-31018,13/03/2025,13/03/2026,04497057220,423
mo-97214,21/05/2021,21/05/2022,73102724643,424
ic-72206,08/02/2024,08/02/2025,66681977425,425
aj-55790,25/06/2018,25/06/2019,89100769324,426
yf-03350,08/10/2018,08/10/2019,28364614260,427
bh-41290,19/08/2021,19/08/2022,11605959008,428
rq-70650,03/10/2025,03/10/2026,43091748667,429
ul-88762,14/06/2022,14/06/2023,88882256835,430
yt-80401,06/12/2025,06/12/2026,94867580224,431
rv-86045,28/08/2022,28/08/2023,23099815431,432
vx-67368,23/08/2023,23/08/2024,44506586010,433
pl-85709,25/05/2020,25/05/2021,28544715308,434
ni-32007,24/10/2016,24/10/2017,99137908554,435
ms-72655,14/05/2020,14/05/2021,16617083425,436
ve-61775,26/06/2018,26/06/2019,81175945088,437
gx-22556,28/06/2018,28/06/2019,13726103920,438
mi-49870,03/04/2025,03/04/2026,11891131324,439
en-53656,03/05/2023,03/05/2024,21452668075,440
ql-48724,01/02/2018,01/02/2019,80011435391,441
wu-47219,27/05/2022,27/05/2023,34899829853,442
le-72558,14/10/2025,14/10/2026,97720893433,443
gi-12859,19/06/2020,19/06/2021,78852987768,444
to-92194,18/02/2020,18/02/2021,36504709638,445
pc-34370,10/01/2025,10/01/2026,59329247681,446
io-00602,20/02/2019,20/02/2020,54387753181,447
zq-51903,02/11/2023,02/11/2024,39975761331,448
wn-31914,26/01/2015,26/01/2016,32909191429,449
yp-56555,13/12/2019,13/12/2020,62551344429,450
jz-45810,28/04/2020,28/04/2021,06342419702,451
gh-56787,18/04/2024,18/04/2025,58738811464,452
in-50530,10/11/2022,10/11/2023,03286249493,453
ll-85045,01/10/2020,01/10/2021,76333771838,454
mp-27317,25/12/2025,25/12/2026,74218701494,455
lh-84339,15/12/2025,15/12/2026,73147835852,456
xv-66326,17/10/2017,17/10/2018,76825101046,457
mv-46630,27/01/2020,27/01/2021,68463376131,458
pf-49838,26/11/2021,26/11/2022,35338726857,459
mq-73258,11/01/2017,11/01/2018,78709460145,460
rb-52645,19/09/2024,19/09/2025,57967997687,461
dz-33599,25/02/2025,25/02/2026,87984556881,462
ij-13578,07/09/2019,07/09/2020,68901180335,463
hy-41320,14/02/2020,14/02/2021,09163788345,464
dv-20844,03/06/2020,03/06/2021,31177955825,465
yd-78002,24/01/2025,24/01/2026,54051226625,466
aj-26137,14/04/2017,14/04/2018,41591246779,467
of-39199,17/01/2018,17/01/2019,50423422132,468
zp-70206,06/03/2017,06/03/2018,20810395517,469
tp-83486,01/05/2021,01/05/2022,24852083404,470
rq-77653,25/07/2015,25/07/2016,17235940389,471
xk-65723,13/03/2022,13/03/2023,28523136004,472
df-24500,05/06/2025,05/06/2026,82831632913,473
wn-09683,18/12/2016,18/12/2017,60502817773,474
cb-00059,30/05/2020,30/05/2021,27732237523,475
dq-17916,18/03/2021,18/03/2022,24619933368,476
kq-22009,14/01/2023,14/01/2024,37278859782,477
ir-20392,11/01/2022,11/01/2023,58554193976,478
rk-09687,26/04/2018,26/04/2019,40453495409,479
kp-46729,03/11/2020,03/11/2021,23784145311,480
hf-20412,25/10/2017,25/10/2018,89877007044,481
kq-34256,08/09/2015,08/09/2016,38416377599,482
fh-07894,20/07/2017,20/07/2018,10295935985,483
wz-19675,28/07/2024,28/07/2025,30323256008,484
fb-65145,24/09/2018,24/09/2019,14935006771,485
he-51874,07/11/2022,07/11/2023,97850801102,486
uy-16746,06/08/2016,06/08/2017,60370993970,487
ww-80934,24/11/2021,24/11/2022,84500906566,488
qg-62670,20/06/2021,20/06/2022,01972749316,489
nd-99258,14/01/2024,14/01/2025,56399830034,490
hl-72550,19/05/2018,19/05/2019,08254048337,491
wf-15952,07/09/2016,07/09/2017,04664166318,492
yc-70954,31/10/2020,31/10/2021,46813319272,493
ly-00026,03/10/2019,03/10/2020,84133001550,494
yj-36796,14/09/2020,14/09/2021,09747459852,495
ol-63733,07/08/2022,07/08/2023,96571769097,496
ql-74471,06/04/2025,06/04/2026,87384078819,497
rb-67635,05/05/2024,05/05/2025,01450537700,498
bd-09812,26/08/2022,26/08/2023,20967426139,499
ui-53897,25/01/2019,25/01/2020,52018604828,500
hh-08459,04/08/2015,04/08/2016,63178766651,501
qu-93823,03/11/2025,03/11/2026,67549762992,502
mb-87153,26/02/2024,26/02/2025,42268569383,503
ll-29084,24/09/2019,24/09/2020,14504910064,504
nu-54502,26/01/2015,26/01/2016,76737195790,505
bl-70063,22/04/2023,22/04/2024,67531789252,506
ex-56030,04/11/2016,04/11/2017,04770260993,507
er-75115,09/07/2021,09/07/2022,52685093615,508
jc-32301,28/11/2016,28/11/2017,36963974262,509
mw-02570,28/06/2025,28/06/2026,40944073686,510
bm-71260,15/03/2017,15/03/2018,78058748915,511
zo-82689,09/10/2023,09/10/2024,25751126521,512
si-54599,08/02/2017,08/02/2018,11964035652,513
xl-91630,20/12/2023,20/12/2024,95755863788,514
ii-06690,30/12/2024,30/12/2025,81839372839,515
ja-94562,06/04/2019,06/04/2020,41326268816,516
hs-54776,08/02/2022,08/02/2023,20887330127,517
mr-60013,26/03/2018,26/03/2019,52642849675,518
fy-60325,09/07/2022,09/07/2023,75233627789,519
kl-43165,22/09/2025,22/09/2026,70432379962,520
za-76895,12/03/2022,12/03/2023,73000460143,521
lf-45788,04/02/2019,04/02/2020,70219249518,522
vb-27562,21/08/2018,21/08/2019,05269119859,523
dc-97302,22/10/2018,22/10/2019,98295360067,524
no-72594,03/10/2018,03/10/2019,70572763729,525
ke-56395,13/06/2018,13/06/2019,64555599572,526
an-61560,04/08/2016,04/08/2017,69766518207,527
ks-65821,20/05/2020,20/05/2021,48628440130,528
rt-40975,17/11/2024,17/11/2025,58962295068,529
wh-48933,23/12/2025,23/12/2026,64860603019,530
la-86313,09/11/2015,09/11/2016,18162513722,531
hi-88166,06/10/2016,06/10/2017,04998849225,532
ne-85595,11/03/2018,11/03/2019,88563843455,533
af-86093,28/11/2024,28/11/2025,20342513448,534
sl-71339,29/04/2015,29/04/2016,82719491137,535
vk-88954,25/08/2025,25/08/2026,52815690209,536
wl-53832,09/08/2022,09/08/2023,01246808142,537
ck-13327,12/04/2018,12/04/2019,50284972832,538
zl-06482,10/01/2020,10/01/2021,20113409371,539
ub-32857,04/01/2020,04/01/2021,96838136662,540
qk-92143,27/01/2023,27/01/2024,28313010652,541
kg-59458,30/07/2022,30/07/2023,51443876802,542
zz-39633,20/10/2022,20/10/2023,30266636413,543
ei-21516,08/09/2020,08/09/2021,41004409928,544
fo-18315,12/06/2016,12/06/2017,26806480389,545
sm-30701,01/04/2023,01/04/2024,37890326797,546
db-25906,08/07/2025,08/07/2026,50426217753,547
ba-78391,05/03/2022,05/03/2023,83357492579,548
zo-53583,28/08/2015,28/08/2016,09780207624,549
dh-16725,29/10/2018,29/10/2019,26828208197,550
sw-33118,23/05/2017,23/05/2018,20382873056,551
sp-36739,13/10/2020,13/10/2021,90799484935,552
qg-13176,04/10/2017,04/10/2018,79732106683,553
ee-44719,06/07/2023,06/07/2024,96069449890,554
oa-26740,14/06/2017,14/06/2018,12922017169,555
tb-32556,13/11/2024,13/11/2025,59967583250,556
ju-64963,24/09/2021,24/09/2022,92432784410,557
xv-77748,08/05/2020,08/05/2021,94449343462,558
le-16871,13/07/2025,13/07/2026,08872198105,559
ry-00478,21/01/2023,21/01/2024,59361330441,560
bw-10127,22/02/2017,22/02/2018,92433210367,561
dd-11445,18/04/2018,18/04/2019,45040825532,562
cp-95506,23/08/2018,23/08/2019,98339483548,563
ag-71186,15/08/2017,15/08/2018,15732302218,564
ch-80188,11/11/2024,11/11/2025,23322473582,565
qb-05551,10/04/2017,10/04/2018,20524435064,566
pt-88659,05/09/2018,05/09/2019,13728963988,567
af-43605,23/01/2025,23/01/2026,54572670472,568
dx-79881,11/08/2018,11/08/2019,83082152022,569
dr-10535,01/01/2022,01/01/2023,75577134050,570
ku-28203,29/12/2023,29/12/2024,71676444326,571
xp-86397,08/10/2023,08/10/2024,23709863650,572
vz-26508,13/09/2020,13/09/2021,38253225641,573
rm-58963,31/03/2025,31/03/2026,94820433472,574
ol-41841,24/02/2024,24/02/2025,20066130422,575
lj-71534,26/11/2025,26/11/2026,51273846226,576
ep-13344,01/03/2025,01/03/2026,00136135384,577
np-40126,17/11/2023,17/11/2024,94501858321,578
xs-53936,15/08/2024,15/08/2025,34179948759,579
qe-66670,06/06/2017,06/06/2018,47687729325,580
du-55450,23/08/2019,23/08/2020,14315261834,581
ln-99666,02/02/2017,02/02/2018,69660551500,582
se-24905,17/08/2015,17/08/2016,37206066052,583
ye-97922,14/12/2024,14/12/2025,55386418865,584
ou-14071,07/01/2017,07/01/2018,39102627046,585
xg-76421,11/02/2020,11/02/2021,13526115157,586
ak-25015,02/11/2019,02/11/2020,57660606380,587
sj-75573,02/10/2025,02/10/2026,99705657781,588
ha-79977,27/07/2023,27/07/2024,84579797364,589
gs-16379,05/05/2017,05/05/2018,80040022092,590
he-89393,08/07/2021,08/07/2022,09046333540,591
ew-49340,15/02/2023,15/02/2024,25070163748,592
uf-55638,20/09/2017,20/09/2018,23011257753,593
mx-37075,04/03/2021,04/03/2022,87194952127,594
dl-81610,06/02/2017,06/02/2018,78250745934,595
eg-76793,16/11/2024,16/11/2025,86718081751,596
hj-79597,31/03/2016,31/03/2017,55209305314,597
ze-65799,24/07/2022,24/07/2023,09902870523,598
tm-58786,10/07/2018,10/07/2019,30252176077,599
rj-70408,12/04/2015,12/04/2016,86847256493,600
sj-48413,10/10/2019,10/10/2020,28516569546,601
zx-63845,01/07/2016,01/07/2017,79025552118,602
bo-54159,22/05/2022,22/05/2023,66904768784,603
al-57079,27/08/2022,27/08/2023,52915623416,604
iv-53612,01/10/2016,01/10/2017,52598296623,605
qz-15999,07/09/2019,07/09/2020,23429015640,606
aq-23864,18/02/2018,18/02/2019,32753355463,607
sh-90584,19/03/2020,19/03/2021,13085683192,608
fu-96204,10/12/2016,10/12/2017,43956912818,609
lf-29553,23/08/2018,23/08/2019,45210782477,610
ii-36418,14/04/2019,14/04/2020,01139159998,611
sm-29587,07/05/2016,07/05/2017,55734194187,612
zg-23344,04/06/2018,04/06/2019,47646363841,613
ki-95797,02/06/2019,02/06/2020,67783618892,614
cy-66756,25/03/2022,25/03/2023,21459395726,615
er-62027,17/07/2025,17/07/2026,66439562684,616
za-14763,14/02/2018,14/02/2019,20444496172,617
yo-38524,29/04/2019,29/04/2020,25074073425,618
yl-38554,14/07/2016,14/07/2017,18995798131,619
rt-98210,01/01/2016,01/01/2017,94045309316,620
rt-00419,18/01/2022,18/01/2023,93866014282,621
pi-53082,04/04/2016,04/04/2017,89089924710,622
oi-45736,22/12/2020,22/12/2021,76402272961,623
ac-11656,17/01/2016,17/01/2017,84392124864,624
en-26858,20/03/2021,20/03/2022,61441065307,625
nt-80232,01/01/2016,01/01/2017,96764456938,626
mu-76428,02/09/2016,02/09/2017,07479259163,627
qm-16152,26/10/2017,26/10/2018,52582074875,628
el-95190,24/06/2021,24/06/2022,11642155603,629
xp-88431,05/10/2019,05/10/2020,85842099026,630
lg-50822,05/04/2020,05/04/2021,23467785558,631
tj-64159,30/06/2025,30/06/2026,76059607292,632
yh-50269,21/03/2022,21/03/2023,16805341788,633
zb-16468,01/08/2023,01/08/2024,70658829758,634
td-18088,03/08/2019,03/08/2020,37403736559,635
av-72122,20/05/2020,20/05/2021,94267640347,636
nb-16343,07/08/2019,07/08/2020,30048178449,637
cb-33152,06/09/2020,06/09/2021,04694816859,638
vx-35838,28/10/2024,28/10/2025,88928429239,639
ny-78813,07/01/2015,07/01/2016,15850230550,640
se-45886,26/04/2016,26/04/2017,62232970951,641
fh-75602,14/06/2025,14/06/2026,15897375429,642
dr-48159,25/10/2016,25/10/2017,53998474907,643
du-00049,14/09/2024,14/09/2025,71545074831,644
ij-01084,07/11/2019,07/11/2020,23079525068,645
fw-40581,05/09/2015,05/09/2016,07395121065,646
el-37047,22/05/2023,22/05/2024,57441753302,647
ic-46599,06/07/2015,06/07/2016,26930197567,648
qn-16364,25/12/2025,25/12/2026,33389785194,649
gr-47446,28/09/2017,28/09/2018,00196971182,650
my-60685,02/12/2023,02/12/2024,30889193482,651
yh-77900,30/10/2015,30/10/2016,03460331939,652
uu-42890,16/03/2017,16/03/2018,38318930370,653
nl-60828,31/03/2015,31/03/2016,42325019328,654
kg-62806,09/08/2023,09/08/2024,36461076466,655
op-60355,05/06/2018,05/06/2019,91008137011,656
bv-59287,27/06/2015,27/06/2016,62755881391,657
tg-00210,18/01/2024,18/01/2025,80196440330,658
me-90963,23/10/2024,23/10/2025,30269434354,659
oy-93223,18/03/2025,18/03/2026,76134215303,660
iz-33537,23/07/2025,23/07/2026,41438436325,661
ef-55175,20/05/2021,20/05/2022,47756443413,662
dr-63038,18/09/2015,18/09/2016,71729682139,663
nb-27861,03/11/2018,03/11/2019,70695033264,664
rx-32607,09/03/2015,09/03/2016,67483402135,665
mv-14943,13/05/2016,13/05/2017,42876825355,666
fr-40253,04/05/2015,04/05/2016,35244566657,667
dm-38944,02/12/2023,02/12/2024,30212335495,668
bh-57690,10/02/2023,10/02/2024,91446713141,669
rk-39658,11/12/2023,11/12/2024,12780244213,670
wu-49621,08/12/2025,08/12/2026,49646049296,671
kw-58451,16/06/2024,16/06/2025,32323488732,672
nt-77635,09/11/2021,09/11/2022,15526789367,673
gw-47749,14/12/2020,14/12/2021,09222615240,674
bf-80055,30/01/2025,30/01/2026,43357595631,675
wd-24565,11/04/2018,11/04/2019,96084946471,676
js-55534,12/12/2025,12/12/2026,22686713704,677
lr-00011,26/03/2022,26/03/2023,79230072239,678
wz-21028,02/05/2019,02/05/2020,12183962220,679
lz-28133,06/12/2021,06/12/2022,64337464521,680
il-24561,16/05/2016,16/05/2017,90846733590,681
hb-21417,26/07/2018,26/07/2019,00400080011,682
dl-46150,16/01/2019,16/01/2020,11417554704,683
cc-90057,15/12/2022,15/12/2023,21039208440,684
ay-61480,14/12/2024,14/12/2025,17607053898,685
vq-08626,15/03/2021,15/03/2022,16635148292,686
nr-26524,26/09/2022,26/09/2023,89325392286,687
fa-98081,30/04/2016,30/04/2017,59984260222,688
ah-15628,21/03/2023,21/03/2024,67887486875,689
vb-24119,17/08/2023,17/08/2024,13025295600,690
at-79584,26/11/2023,26/11/2024,70030162460,691
wa-50471,02/06/2015,02/06/2016,78260811209,692
ao-65221,27/01/2015,27/01/2016,20870838231,693
xl-64468,08/06/2022,08/06/2023,60965712732,694
wg-23640,23/08/2023,23/08/2024,55387591960,695
lh-05968,22/05/2025,22/05/2026,59099457294,696
wj-42423,27/08/2015,27/08/2016,13927014816,697
rz-80583,16/05/2020,16/05/2021,59187014746,698
xl-74050,06/02/2025,06/02/2026,17878287021,699
cf-16715,16/10/2016,16/10/2017,92015842987,700
wq-17751,29/06/2023,29/06/2024,28992415529,701
fg-18762,03/11/2021,03/11/2022,21808664953,702
kj-91658,13/03/2021,13/03/2022,68947935016,703
ma-19482,27/12/2024,27/12/2025,15156328175,704
wl-86285,13/11/2015,13/11/2016,05684590285,705
fy-02062,24/02/2015,24/02/2016,63164151474,706
xw-13786,15/04/2023,15/04/2024,79137220619,707
uj-22954,07/02/2015,07/02/2016,62741181898,708
tj-67696,01/05/2023,01/05/2024,88400499916,709
ik-95571,20/12/2025,20/12/2026,35200912745,710
kk-69053,27/08/2025,27/08/2026,11413243461,711
uh-71433,05/06/2025,05/06/2026,98811279150,712
he-40840,10/10/2021,10/10/2022,41578498249,713
fs-10497,28/02/2017,28/02/2018,80078218895,714
lc-13265,15/12/2023,15/12/2024,98219959985,715
vc-82587,29/01/2020,29/01/2021,76264614101,716
iv-36692,05/06/2025,05/06/2026,40359608496,717
mm-56176,26/09/2025,26/09/2026,48250833613,718
ue-39132,25/08/2025,25/08/2026,13487969831,719
yc-42942,13/01/2016,13/01/2017,84186518674,720
hb-95470,20/08/2022,20/08/2023,42909428893,721
vm-97950,06/09/2024,06/09/2025,37759778031,722
kl-22533,18/11/2025,18/11/2026,58602118920,723
yu-25898,09/01/2022,09/01/2023,24751695731,724
xf-78811,05/06/2015,05/06/2016,26889049767,725
md-69784,07/05/2019,07/05/2020,66054510033,726
ay-91344,06/08/2017,06/08/2018,17998708044,727
ki-45966,16/11/2019,16/11/2020,44056070476,728
kw-27023,01/09/2015,01/09/2016,09529286945,729
py-45570,27/11/2017,27/11/2018,93473582397,730
ug-81343,26/07/2024,26/07/2025,93817081211,731
sh-80417,26/05/2025,26/05/2026,64694465864,732
wc-37771,23/11/2017,23/11/2018,65696932205,733
on-14912,27/08/2021,27/08/2022,67038148187,734
ak-82036,08/04/2021,08/04/2022,74632796898,735
aw-37701,13/09/2024,13/09/2025,37987214395,736
vv-14576,05/05/2016,05/05/2017,41799414190,737
sf-47680,05/03/2019,05/03/2020,49940000027,738
kn-18489,22/06/2018,22/06/2019,74365842752,739
qu-83537,22/01/2016,22/01/2017,33700924909,740
tr-15180,12/04/2022,12/04/2023,24898878242,741
bp-66252,17/04/2025,17/04/2026,44475924744,742
wa-39467,19/10/2021,19/10/2022,89433004808,743
bd-93803,11/10/2019,11/10/2020,91765488389,744
bo-65649,08/08/2022,08/08/2023,92981208994,745
yu-51081,05/07/2017,05/07/2018,45997150897,746
un-59754,17/07/2019,17/07/2020,20486936465,747
yr-39384,11/08/2023,11/08/2024,30785682492,748
qu-49520,04/06/2017,04/06/2018,58619089676,749
eq-41853,29/08/2019,29/08/2020,95151701161,750
rt-45869,22/05/2018,22/05/2019,96964535700,751
kg-65451,07/04/2025,07/04/2026,05144067535,752
aa-76920,13/06/2017,13/06/2018,07904670127,753
ba-15566,28/09/2024,28/09/2025,82671373625,754
mu-60196,27/12/2017,27/12/2018,52127241259,755
jn-95737,23/10/2022,23/10/2023,24912971857,756
od-90109,16/07/2025,16/07/2026,70096211763,757
bk-34976,17/01/2024,17/01/2025,21637212740,758
yx-93785,31/08/2017,31/08/2018,12652515103,759
jp-81569,19/07/2020,19/07/2021,60413380804,760
qe-27000,15/11/2018,15/11/2019,49937672992,761
sc-99091,08/06/2018,08/06/2019,60668012730,762
ec-68915,30/01/2019,30/01/2020,69629932712,763
jj-81449,03/08/2023,03/08/2024,18933975272,764
xh-57004,29/10/2019,29/10/2020,12974328914,765
uk-70285,21/10/2019,21/10/2020,65010665982,766
kv-05492,23/06/2020,23/06/2021,62121670465,767
xr-37498,20/03/2016,20/03/2017,32084470565,768
jg-08701,26/01/2025,26/01/2026,08447314049,769
dl-03270,26/08/2025,26/08/2026,65757620170,770
ga-16128,22/09/2019,22/09/2020,13080880062,771
lc-72110,15/11/2018,15/11/2019,87437768823,772
us-49972,05/06/2021,05/06/2022,65338707729,773
lr-93444,02/09/2016,02/09/2017,95031696749,774
sr-30155,12/04/2023,12/04/2024,04155397461,775
ub-61582,31/03/2023,31/03/2024,19899389314,776
ol-22820,07/09/2024,07/09/2025,88394425659,777
lc-17699,01/08/2018,01/08/2019,85699095335,778
lg-18576,19/01/2024,19/01/2025,38758535041,779
lk-68060,30/04/2020,30/04/2021,40813722255,780
th-28304,17/04/2018,17/04/2019,46409264250,781
vu-12388,06/09/2020,06/09/2021,20438595672,782
mn-98537,27/02/2025,27/02/2026,12323681150,783
so-06848,23/06/2024,23/06/2025,39212060759,784
jg-80159,31/03/2025,31/03/2026,10716565999,785
zq-56276,20/12/2021,20/12/2022,45382385816,786
ue-50227,16/08/2025,16/08/2026,39211410624,787
lz-72211,05/12/2020,05/12/2021,31760570580,788
jf-80673,16/11/2024,16/11/2025,24969360770,789
dj-54201,28/12/2015,28/12/2016,65779343196,790
fl-95839,31/03/2017,31/03/2018,99921926860,791
eu-26162,05/12/2018,05/12/2019,45781793342,792
dr-42448,10/08/2018,10/08/2019,13429627724,793
jx-30549,23/09/2016,23/09/2017,72465522547,794
ry-62385,10/11/2023,10/11/2024,54733325517,795
ki-96076,07/03/2020,07/03/2021,83031622898,796
ky-14206,28/07/2022,28/07/2023,63317635073,797
ca-27984,02/12/2022,02/12/2023,49420663387,798
qy-04711,09/10/2020,09/10/2021,23660306724,799
qr-62789,08/08/2024,08/08/2025,68342576062,800
kg-24834,24/01/2022,24/01/2023,99663222186,801
ld-64035,05/03/2022,05/03/2023,85864548841,802
ze-77303,03/12/2024,03/12/2025,87371990407,803
zp-59365,18/09/2024,18/09/2025,71835124802,804
yo-43205,28/01/2015,28/01/2016,72246471379,805
ot-79852,17/01/2020,17/01/2021,84779365330,806
cb-74037,08/01/2022,08/01/2023,88128766221,807
ci-71844,02/08/2017,02/08/2018,74848781667,808
ni-07790,01/01/2025,01/01/2026,61035465616,809
ae-15936,12/09/2016,12/09/2017,01564668862,810
kh-46761,22/01/2018,22/01/2019,68761127041,811
wo-81665,04/11/2022,04/11/2023,42147390029,812
as-71839,17/05/2022,17/05/2023,04874509573,813
wr-34411,15/02/2021,15/02/2022,01240364880,814
yg-11102,25/12/2017,25/12/2018,26468148943,815
ni-57178,31/03/2025,31/03/2026,42614120303,816
ge-81065,31/07/2020,31/07/2021,73905266750,817
lg-19916,17/08/2020,17/08/2021,03236728337,818
ez-02317,12/11/2020,12/11/2021,89107499588,819
ir-57553,30/06/2025,30/06/2026,11638791159,820
lj-94414,05/03/2015,05/03/2016,51959265847,821
nz-70809,13/08/2018,13/08/2019,62475956154,822
or-17914,17/02/2022,17/02/2023,33507620401,823
zt-75048,10/11/2016,10/11/2017,51027904918,824
qp-79321,13/10/2021,13/10/2022,29691261608,825
rl-81288,02/10/2024,02/10/2025,14509123595,826
hi-29986,27/02/2016,27/02/2017,45068215790,827
wr-96323,28/01/2020,28/01/2021,25314393231,828
my-30588,19/07/2019,19/07/2020,07795370950,829
zx-07629,27/07/2023,27/07/2024,66843632332,830
xd-15906,11/05/2025,11/05/2026,76949045975,831
kt-73207,17/10/2020,17/10/2021,67360950582,832
zi-34740,07/07/2024,07/07/2025,24485739794,833
an-92058,12/12/2020,12/12/2021,82240016486,834
aw-85718,13/01/2015,13/01/2016,67949425516,835
vi-53542,05/01/2019,05/01/2020,88321237778,836
ii-87382,11/07/2023,11/07/2024,60009886084,837
vw-29156,20/02/2015,20/02/2016,42747016964,838
il-14984,14/09/2015,14/09/2016,74996004900,839
gj-36121,13/03/2019,13/03/2020,90404921630,840
bo-26257,29/09/2021,29/09/2022,92478661893,841
pa-88467,15/03/2015,15/03/2016,10590323914,842
us-30489,06/05/2018,06/05/2019,32400650212,843
rq-30319,23/01/2021,23/01/2022,37201581271,844
np-75073,15/11/2016,15/11/2017,62971906773,845
vc-31874,29/09/2018,29/09/2019,87746655147,846
au-07150,08/01/2025,08/01/2026,01783674830,847
bh-20209,27/07/2024,27/07/2025,64667048524,848
ge-30105,15/10/2021,15/10/2022,98104084346,849
nl-89270,16/05/2019,16/05/2020,63834905505,850
mz-83044,19/11/2025,19/11/2026,39838532776,851
fp-16667,01/04/2015,01/04/2016,92787694977,852
ba-24427,12/01/2023,12/01/2024,80343610445,853
qd-06349,15/04/2016,15/04/2017,31766503775,854
bj-31349,09/01/2020,09/01/2021,79599432397,855
eo-01309,10/07/2019,10/07/2020,37256063787,856
fq-89598,03/02/2021,03/02/2022,34377332807,857
gn-00877,19/02/2020,19/02/2021,13593936821,858
ic-52539,20/07/2015,20/07/2016,60171444327,859
ma-83358,04/11/2017,04/11/2018,50308916563,860
ow-97336,01/04/2025,01/04/2026,69172323860,861
qq-30864,21/11/2015,21/11/2016,66238685022,862
ny-25172,10/08/2017,10/08/2018,13802876693,863
my-18420,11/08/2015,11/08/2016,44565585495,864
yy-20029,14/11/2025,14/11/2026,94170887425,865
im-51034,02/02/2025,02/02/2026,73628297076,866
rg-85972,22/11/2018,22/11/2019,22625865312,867
kr-32268,01/07/2015,01/07/2016,17441809714,868
ra-71929,23/11/2024,23/11/2025,73161454252,869
lu-05712,08/11/2022,08/11/2023,91473509200,870
sy-52556,20/10/2022,20/10/2023,56120739440,871
lm-45509,09/05/2020,09/05/2021,71432749163,872
ge-79728,23/08/2024,23/08/2025,35122759126,873
an-86012,15/06/2018,15/06/2019,48837382465,874
fx-24157,05/11/2025,05/11/2026,20084036543,875
yz-24250,16/08/2019,16/08/2020,88781841474,876
kv-48563,01/05/2016,01/05/2017,27590741099,877
sl-42260,23/05/2019,23/05/2020,79631187804,878
aj-19989,13/03/2016,13/03/2017,07644542196,879
ci-94421,23/12/2016,23/12/2017,77969712229,880
js-78714,29/06/2019,29/06/2020,92984964149,881
lk-35444,12/08/2015,12/08/2016,32677748826,882
gd-00214,14/11/2020,14/11/2021,54699538119,883
cr-12474,24/07/2020,24/07/2021,64829700040,884
er-98722,05/04/2015,05/04/2016,44550971182,885
ip-05154,20/05/2025,20/05/2026,07143397693,886
hw-85352,16/12/2017,16/12/2018,47154394431,887
sc-93232,17/03/2019,17/03/2020,63074293394,888
io-33333,09/05/2022,09/05/2023,81263337398,889
ui-72211,18/06/2020,18/06/2021,61722651158,890
pw-23159,11/08/2024,11/08/2025,20281060038,891
qj-71537,25/12/2016,25/12/2017,92984121862,892
kj-01017,01/01/2020,01/01/2021,35051508876,893
gs-26279,13/04/2024,13/04/2025,72912652356,894
kw-87105,18/03/2022,18/03/2023,96707099283,895
iq-27466,21/04/2020,21/04/2021,58706317098,896
bh-44397,21/09/2021,21/09/2022,04487229593,897
au-78451,19/02/2025,19/02/2026,77306479541,898
eb-79595,21/12/2020,21/12/2021,02338338915,899
ck-33033,21/12/2016,21/12/2017,04215251584,900
yd-41500,21/11/2017,21/11/2018,02585558708,901
wq-67830,11/05/2023,11/05/2024,73044198840,902
gp-85436,08/01/2017,08/01/2018,64007303927,903
ri-37455,22/02/2016,22/02/2017,37551439895,904
px-90761,07/01/2019,07/01/2020,83597098239,905
oj-96079,12/01/2016,12/01/2017,09194908731,906
yb-58463,27/02/2025,27/02/2026,93773927060,907
al-40729,12/01/2022,12/01/2023,88166464361,908
qi-36054,12/08/2015,12/08/2016,02167247324,909
vz-95542,04/06/2023,04/06/2024,36615513260,910
hw-58049,16/08/2015,16/08/2016,21501399442,911
lq-34803,06/04/2016,06/04/2017,28054665744,912
lf-90601,14/05/2018,14/05/2019,51844720095,913
pm-25516,18/04/2021,18/04/2022,46782656904,914
gc-69366,12/02/2016,12/02/2017,99289503569,915
ce-52486,07/11/2019,07/11/2020,82990708321,916
gc-00896,16/07/2018,16/07/2019,27593092727,917
fs-51891,06/01/2018,06/01/2019,18518098582,918
tm-48256,01/01/2016,01/01/2017,07630174780,919
dy-03189,07/02/2025,07/02/2026,70629869877,920
zj-24860,16/03/2021,16/03/2022,02974642578,921
pn-82491,09/10/2019,09/10/2020,11689122713,922
xj-00249,14/01/2024,14/01/2025,66281488453,923
zi-79872,11/05/2017,11/05/2018,35147682411,924
hy-74994,15/08/2025,15/08/2026,74430062656,925
yx-17991,02/07/2017,02/07/2018,37332498951,926
bm-27115,25/03/2021,25/03/2022,63896955114,927
fu-68442,08/11/2016,08/11/2017,52887612108,928
al-87654,01/11/2022,01/11/2023,99618119094,929
ai-90234,23/01/2019,23/01/2020,80370815754,930
bj-62224,01/09/2024,01/09/2025,89251054979,931
cg-99855,07/08/2018,07/08/2019,08190422850,932
di-72108,12/10/2018,12/10/2019,88262641692,933
ow-93578,18/12/2024,18/12/2025,57865750312,934
yf-93233,16/03/2016,16/03/2017,70162352618,935
lu-21478,02/05/2020,02/05/2021,28436566852,936
eq-00601,31/01/2019,31/01/2020,71800819717,937
va-13672,03/12/2017,03/12/2018,34429492876,938
at-11346,31/10/2015,31/10/2016,17118745317,939
sm-69769,09/02/2020,09/02/2021,63488207974,940
oy-89969,04/02/2025,04/02/2026,52949393114,941
zq-73694,24/05/2018,24/05/2019,64450904190,942
cf-88308,07/10/2021,07/10/2022,17192001003,943
by-50085,09/02/2017,09/02/2018,71412644675,944
hz-55487,21/08/2020,21/08/2021,69843189201,945
ve-75824,26/03/2018,26/03/2019,91575393918,946
qx-05751,13/07/2016,13/07/2017,86062495588,947
ha-82205,06/06/2021,06/06/2022,35385320677,948
gc-44267,23/06/2023,23/06/2024,08408635186,949
el-95104,18/02/2024,18/02/2025,24010955451,950
fw-92111,17/03/2024,17/03/2025,20423714286,951
tp-51354,05/10/2015,05/10/2016,09561509771,952
oc-74725,22/10/2016,22/10/2017,49550055333,953
wh-14528,10/02/2021,10/02/2022,39603211026,954
fz-83951,06/11/2021,06/11/2022,43623020750,955
vl-68903,05/05/2021,05/05/2022,80098537144,956
vl-50115,02/07/2023,02/07/2024,22042973151,957
dq-47643,06/03/2025,06/03/2026,51010418894,958
ud-02595,13/02/2021,13/02/2022,90414109301,959
ki-08501,06/02/2019,06/02/2020,03252588599,960
gp-51783,15/12/2019,15/12/2020,28317580377,961
hq-92957,24/09/2018,24/09/2019,33703868087,962
kc-67115,10/04/2024,10/04/2025,00602415619,963
wz-64254,02/12/2018,02/12/2019,14924879473,964
cm-69773,29/08/2024,29/08/2025,69494926218,965
uk-98077,07/06/2017,07/06/2018,90462897111,966
tf-39826,01/06/2019,01/06/2020,60685813778,967
zi-56221,19/05/2020,19/05/2021,28250393368,968
fx-93656,25/09/2015,25/09/2016,37027887693,969
ly-77474,21/10/2020,21/10/2021,55485089174,970
ae-85783,10/12/2016,10/12/2017,85123424915,971
ti-16434,06/01/2016,06/01/2017,46652278262,972
zu-97829,13/01/2024,13/01/2025,92694925663,973
st-24180,17/02/2021,17/02/2022,18261183402,974
fu-49659,11/10/2016,11/10/2017,03395672126,975
tv-62803,11/05/2025,11/05/2026,67559580920,976
mo-12452,18/06/2017,18/06/2018,58451668060,977
ir-47736,24/11/2024,24/11/2025,48863690769,978
bq-91295,02/08/2025,02/08/2026,23422991266,979
ub-39155,09/10/2015,09/10/2016,91990686463,980
po-32445,09/12/2025,09/12/2026,14180219688,981
ic-43666,01/11/2015,01/11/2016,17349387340,982
uk-01361,25/07/2020,25/07/2021,83963978607,983
st-65375,30/10/2022,30/10/2023,12368472375,984
sk-51440,23/02/2018,23/02/2019,04301549766,985
wh-87772,05/09/2018,05/09/2019,28879706218,986
df-71826,26/11/2020,26/11/2021,25320698611,987
mc-22298,18/02/2019,18/02/2020,18242933315,988
uy-63915,02/06/2023,02/06/2024,07788718454,989
nq-79445,26/06/2016,26/06/2017,86867031777,990
id-02172,06/01/2025,06/01/2026,16286894828,991
hw-46182,02/04/2020,02/04/2021,44492005698,992
zc-25743,14/10/2015,14/10/2016,56120978433,993
lp-01969,09/10/2019,09/10/2020,59351125962,994
vl-66408,11/01/2023,11/01/2024,75338139727,995
je-87152,25/01/2023,25/01/2024,35210546266,996
rn-11341,01/03/2025,01/03/2026,66889857136,997
zn-81744,01/11/2025,01/11/2026,55262471831,998
mt-32536,05/12/2025,05/12/2026,14200453977,999
eb-71096,12/07/2023,12/07/2024,15947771149,1000
