12/11/2022,35.82,,104.75,71
16/06/2024,36.33,,112.95,37
21/05/2023,27.48,1.54,148.87,681
12/04/2022,20.73,1.92,86.29,746
21/06/2022,21.45,,149.92,729
29/05/2021,21.8,,51.93,164
02/04/2022,30.98,2.83,71.16,917
17/11/2024,34.9,,93.95,304
01/01/2024,32.24,,148.6,738
30/01/2021,25.77,,142.73,755
20/10/2021,19.99,2.46,108.48,969
10/03/2024,36.67,,134.23,845
04/06/2021,40.44,,87.21,547
02/12/2020,35.15,1.21,129.19,270
09/11/2025,19.79,,104.72,695
09/01/2025,22.23,2.45,133.73,221
18/03/2024,28.43,,134.89,647
03/05/2020,39.9,2.4,142.36,200
12/07/2021,25.41,,100.87,722
31/08/2024,32.66,,131.43,888
28/09/2025,20.21,1.48,110.33,78
23/04/2025,28.79,,97.4,893
28/06/2024,37.94,,139.47,184
15/11/2021,37.19,,67.84,79
28/01/2024,31.24,2.44,54.31,579
20/02/2020,32.12,1.94,110.08,641
05/05/2020,31.36,1.14,75.18,509
06/10/2023,27.13,1.09,107.44,65
27/09/2025,33.76,,57.81,619
07/05/2021,43.91,2.9,130.93,490
18/02/2023,43.67,,139.92,126
23/07/2023,20.12,,144.84,68
19/09/2022,35.59,2.14,132.69,238
16/02/2025,35.19,,91.33,609
16/03/2024,19.7,1.44,132.96,517
29/08/2020,32.87,,113.33,364
09/12/2020,28.24,,135.73,773
22/01/2021,19.56,,87.39,855
11/12/2023,31.19,2.51,140.46,65
03/03/2023,28.83,,99.28,820
19/09/2023,24.87,2.48,139.73,193
01/02/2022,44.81,2.62,113.94,143
04/09/2025,27.35,,114.44,124
18/02/2025,36.19,1.88,100.34,689
02/01/2025,43.66,,112.5,58
04/08/2020,20.71,,53.32,747
17/10/2025,36.45,,113.21,463
01/09/2025,42.1,2.85,67.88,544
01/11/2020,41.55,1.03,84.22,551
13/10/2021,18.72,,107.37,523
28/11/2024,18.41,,88.31,66
19/06/2024,32.24,,116.05,277
29/06/2024,34.04,2.07,137.6,46
15/08/2023,27.41,,135.95,416
28/01/2022,42.46,2.0,116.55,961
10/01/2023,20.82,,104.31,808
26/06/2021,21.93,,124.91,250
09/06/2022,43.51,,109.98,387
25/01/2025,23.59,,73.73,644
18/10/2025,41.98,,132.62,745
21/01/2021,39.88,,62.11,104
02/02/2022,31.87,1.86,134.5,93
10/08/2025,25.69,,121.97,484
22/04/2024,38.86,2.34,81.54,848
01/08/2025,39.82,,104.66,468
31/05/2023,22.99,1.47,124.62,76
02/03/2024,43.58,2.51,94.69,785
29/09/2020,29.9,,136.54,197
02/05/2024,19.94,2.29,61.02,128
14/05/2023,26.16,,85.32,358
14/09/2023,28.94,,73.84,902
04/10/2024,32.43,1.87,107.97,473
11/09/2023,35.8,2.53,126.56,813
07/06/2024,36.1,1.71,104.02,582
17/02/2021,39.02,2.21,116.41,944
28/06/2021,25.51,1.94,139.98,535
01/10/2025,42.93,,82.14,368
04/05/2024,27.04,,119.31,554
10/11/2025,23.29,1.41,137.0,187
04/05/2020,32.33,1.14,58.16,139
09/02/2022,24.68,,124.98,490
20/10/2022,28.05,1.42,76.24,427
09/02/2023,20.62,2.58,76.21,415
17/08/2022,20.15,2.16,77.65,550
07/04/2024,39.63,,135.6,693
03/03/2023,38.77,2.66,144.21,318
19/06/2021,39.73,2.46,64.83,213
06/01/2021,39.17,,64.95,751
18/10/2020,33.01,,64.64,27
17/03/2025,25.84,2.98,52.62,239
22/03/2023,42.69,1.48,87.86,157
16/09/2020,22.86,1.37,54.97,474
25/10/2021,43.25,2.51,77.78,581
02/09/2020,20.45,,111.31,304
17/08/2020,31.91,,92.14,533
08/10/2024,18.68,1.57,102.43,573
30/07/2021,19.57,,92.75,377
04/10/2020,31.35,,116.9,692
27/02/2024,44.09,,53.76,378
14/09/2022,24.98,2.69,107.29,429
29/11/2021,40.96,1.83,115.44,487
28/04/2022,40.82,2.64,137.0,671
13/03/2021,18.71,,123.87,36
14/06/2024,39.65,2.75,65.55,5
02/08/2025,27.84,2.57,96.15,861
31/01/2025,44.08,2.18,99.61,34
21/12/2025,30.57,,111.01,720
04/01/2022,18.04,1.72,145.18,358
20/10/2025,22.35,2.51,149.73,300
07/05/2025,19.66,1.02,78.39,177
09/07/2020,25.01,2.58,51.48,197
17/09/2025,25.96,,136.15,714
18/10/2023,44.74,1.42,125.02,93
04/10/2022,20.16,2.36,129.79,495
09/09/2023,28.66,2.44,98.84,87
06/04/2022,36.44,1.06,88.45,258
01/04/2021,36.7,,142.27,389
28/07/2021,25.8,1.5,61.45,353
31/01/2024,31.67,2.25,113.45,6
24/05/2022,41.16,,80.97,827
23/03/2023,30.0,2.35,93.7,235
20/11/2024,33.29,2.81,50.08,508
28/04/2021,44.74,,66.24,318
20/09/2024,18.77,,60.87,703
30/11/2022,43.61,,126.73,160
02/09/2021,31.49,,127.22,827
10/08/2022,31.48,2.21,139.32,323
30/04/2021,28.57,,71.24,3
09/10/2022,34.94,2.82,129.06,122
19/12/2022,40.47,1.86,80.17,532
14/04/2020,35.4,1.33,131.37,197
09/04/2021,34.55,2.09,100.71,472
01/04/2023,28.07,2.59,55.71,686
16/09/2025,40.75,2.71,76.77,133
05/08/2020,33.44,,121.56,251
30/08/2023,43.54,2.87,97.23,13
22/06/2020,21.61,,130.82,869
26/08/2023,26.14,,51.32,793
31/08/2022,40.39,,149.99,480
22/07/2020,41.96,,51.5,541
05/04/2022,32.55,,136.53,473
04/08/2020,28.34,,140.13,101
18/03/2025,41.26,,71.66,701
17/12/2024,21.44,,69.68,222
17/11/2022,21.43,1.46,56.64,227
09/10/2024,21.76,1.25,50.37,725
12/05/2022,31.34,,93.7,508
06/03/2021,40.01,2.1,59.53,49
13/10/2025,20.68,,76.28,750
09/04/2025,22.64,,70.51,181
24/04/2023,39.01,,58.88,747
01/03/2022,44.82,,121.44,583
12/05/2022,27.89,2.27,110.53,529
16/09/2021,19.28,,147.64,226
28/04/2021,21.96,,82.95,455
02/07/2025,22.44,2.96,135.0,327
19/02/2022,23.95,1.56,123.05,73
12/01/2020,34.09,1.73,58.52,534
26/12/2020,20.03,2.59,145.45,859
01/06/2025,37.15,,63.49,834
20/03/2022,38.89,,108.82,425
04/11/2023,26.94,1.32,59.91,783
15/11/2024,26.1,,107.03,75
08/03/2022,40.33,2.56,95.26,694
07/07/2024,18.36,2.97,108.0,413
03/12/2025,39.0,,70.76,177
19/04/2020,24.28,,54.95,376
30/07/2021,20.89,,74.27,121
01/12/2020,32.76,,78.38,595
07/11/2020,43.58,2.23,62.71,298
27/08/2022,39.45,2.0,131.61,489
06/02/2020,22.56,2.37,83.52,458
04/09/2023,41.53,1.19,117.97,621
13/06/2025,32.86,2.13,80.0,705
01/05/2025,44.56,,145.97,423
01/01/2025,27.95,1.56,67.02,76
12/09/2022,18.98,2.79,79.22,368
22/10/2023,20.65,1.57,99.09,832
22/02/2024,42.36,,51.6,701
18/02/2024,44.48,2.86,84.11,831
05/12/2025,30.44,,106.61,302
24/04/2024,31.71,,130.9,344
24/04/2023,34.55,,142.0,570
13/09/2023,23.76,,123.92,719
08/12/2024,35.16,,92.49,112
31/08/2025,23.06,2.72,110.15,528
31/10/2023,29.29,,138.2,268
03/06/2020,42.49,,89.9,409
01/05/2022,31.87,,99.41,859
03/02/2024,18.09,,134.62,114
02/12/2025,33.69,,58.55,787
11/05/2022,27.82,2.05,75.92,873
07/08/2024,35.72,,53.07,548
21/11/2024,23.92,2.01,56.93,428
07/01/2020,37.63,,96.48,67
03/08/2022,36.37,,104.58,645
29/01/2020,27.61,2.77,88.08,561
25/05/2023,35.11,,80.4,255
22/02/2024,31.64,1.51,52.97,110
30/12/2021,32.79,1.07,99.88,187
12/01/2023,38.29,,142.74,244
22/03/2024,26.73,1.44,147.92,341
08/01/2025,37.63,2.44,50.57,456
23/11/2020,30.06,1.97,58.11,689
05/06/2023,44.19,2.42,127.98,374
23/02/2021,29.83,2.22,109.85,923
08/07/2020,44.28,1.55,102.34,395
28/07/2022,38.69,1.06,133.1,469
06/05/2023,37.62,,54.16,329
08/07/2022,35.39,1.3,137.26,521
16/08/2020,31.6,2.83,116.41,815
04/04/2020,37.0,1.58,65.32,370
29/04/2020,38.05,2.62,76.7,650
20/08/2022,27.5,,79.57,308
26/09/2021,35.34,2.44,69.28,981
01/09/2022,37.07,1.95,73.69,78
19/08/2022,29.04,,86.92,472
03/08/2020,40.85,,63.88,184
18/12/2022,38.49,,68.83,63
04/01/2022,37.72,1.04,106.71,390
13/11/2025,21.95,,96.01,139
11/10/2022,35.29,1.19,109.51,714
11/05/2022,20.73,2.03,57.71,38
22/09/2023,44.45,,124.1,927
09/02/2025,42.75,,101.54,601
11/12/2023,22.21,,109.34,210
16/12/2020,43.0,,63.29,208
06/07/2025,31.39,1.31,135.06,637
14/07/2021,24.52,2.69,67.98,901
31/10/2024,41.31,2.78,102.46,410
03/01/2022,31.16,1.44,139.67,999
08/03/2023,18.43,,149.0,760
15/05/2024,44.63,,79.23,333
24/01/2024,37.15,1.36,136.72,284
14/01/2024,20.34,,110.53,891
20/05/2020,29.4,1.88,140.67,495
24/08/2024,34.28,,58.23,850
06/03/2024,22.95,2.03,104.63,362
16/09/2020,41.4,,142.08,545
29/04/2020,41.19,1.54,111.55,242
16/02/2023,27.63,2.53,137.04,754
20/03/2020,32.53,,97.95,539
28/05/2023,31.84,,67.79,204
30/11/2021,20.85,2.19,129.99,378
03/03/2021,28.75,2.99,110.04,942
23/11/2022,20.79,2.37,54.89,531
17/10/2025,19.55,2.56,136.54,467
30/10/2023,33.33,1.86,67.43,559
01/08/2021,18.96,1.85,54.5,523
31/01/2022,42.95,1.17,91.07,655
15/09/2025,34.63,,131.76,499
11/07/2022,36.75,2.9,61.46,769
29/11/2022,20.11,,77.96,482
23/02/2025,26.36,,57.96,59
22/11/2020,44.63,,52.62,80
23/06/2021,25.21,2.23,73.66,77
29/08/2023,22.32,1.36,77.7,427
11/09/2022,28.57,2.58,132.77,321
18/05/2023,30.88,2.3,74.81,771
06/11/2020,22.84,,143.23,858
20/04/2020,40.41,2.05,124.62,107
05/06/2022,41.18,,145.37,988
01/01/2024,24.19,,124.76,917
14/12/2023,22.5,1.99,102.11,564
27/02/2022,19.97,,103.32,264
27/10/2023,39.72,1.59,86.13,733
23/09/2022,24.8,,117.18,85
18/02/2021,40.45,2.61,134.39,504
19/10/2023,32.09,,102.39,639
22/12/2021,41.28,1.92,139.82,799
06/08/2022,27.66,,79.37,219
16/04/2021,30.46,2.41,54.95,666
29/09/2020,26.27,,69.3,626
08/03/2021,18.45,2.67,138.03,676
23/03/2025,41.03,,137.7,954
07/08/2025,36.03,1.83,97.94,970
28/10/2024,27.51,,141.0,957
29/10/2020,22.39,2.41,103.97,403
24/03/2024,34.28,2.32,77.18,508
06/12/2023,29.43,2.9,141.33,749
06/11/2021,25.06,,147.23,483
28/09/2022,37.51,1.5,148.73,999
18/02/2023,35.04,2.33,58.31,857
16/09/2021,27.16,,128.46,509
31/12/2020,33.67,,130.03,329
10/11/2022,25.1,2.55,95.25,303
10/12/2023,21.57,,57.2,353
11/01/2024,23.49,,135.64,97
16/08/2020,43.75,,133.36,86
05/06/2020,25.39,2.15,105.58,209
09/01/2024,34.43,,133.8,69
25/07/2023,38.56,2.82,86.92,809
03/01/2021,26.03,,125.73,414
26/05/2024,42.04,,66.83,835
29/02/2020,24.55,1.97,66.77,78
21/02/2022,36.87,2.25,75.59,892
24/07/2023,20.74,,88.61,816
19/10/2023,43.58,2.78,94.55,63
13/02/2022,28.8,2.66,79.1,304
05/06/2021,19.69,,78.13,604
29/11/2025,35.59,2.16,74.12,343
31/05/2024,38.21,,61.58,688
06/03/2021,20.44,2.81,147.41,756
14/12/2025,41.68,2.58,54.41,443
10/02/2022,22.4,,83.1,860
30/10/2025,40.97,2.84,111.47,57
30/03/2020,44.19,1.32,129.84,976
07/09/2021,22.69,,148.16,153
29/10/2025,30.09,1.71,61.8,125
09/09/2021,18.41,2.52,101.92,342
15/09/2022,30.89,,76.96,671
20/04/2020,37.85,,72.47,380
12/07/2022,23.99,,133.69,389
15/10/2021,19.47,2.41,72.88,282
05/08/2023,44.89,2.17,59.3,558
20/11/2024,25.32,,136.9,383
27/09/2022,32.34,,122.04,402
10/05/2023,19.85,,62.47,733
06/04/2021,31.47,1.94,71.63,771
08/10/2022,24.89,,103.78,444
03/04/2025,19.35,,78.43,962
05/11/2020,21.0,,108.2,532
02/07/2023,24.11,2.93,108.74,841
05/08/2020,44.68,2.74,59.63,208
10/01/2020,35.59,,145.52,744
27/12/2024,32.12,,126.76,718
06/04/2022,41.3,,85.25,398
15/05/2021,40.53,2.92,81.68,816
19/11/2020,35.12,2.71,135.46,741
17/03/2024,40.04,,131.19,486
06/01/2020,27.86,,85.78,738
29/11/2023,40.68,1.35,64.68,437
10/02/2024,23.87,,92.97,889
27/02/2020,26.76,,137.51,915
30/06/2025,43.5,,50.67,169
04/01/2022,42.18,1.32,124.37,194
07/08/2021,36.56,2.5,75.61,335
04/03/2023,24.74,2.47,99.39,275
18/04/2024,44.0,1.74,144.41,514
28/07/2022,43.58,1.56,77.73,853
20/09/2020,38.41,2.59,81.66,709
31/12/2023,31.39,,72.48,62
21/01/2022,36.55,,63.26,82
05/09/2021,29.85,,97.26,309
17/07/2025,44.77,,131.84,49
04/12/2024,35.17,,71.76,49
22/11/2021,37.98,,89.79,518
05/02/2021,42.84,1.32,111.01,391
02/05/2024,22.2,2.7,98.41,80
14/10/2024,38.05,,97.1,244
30/01/2020,24.63,,85.61,793
01/09/2024,25.8,,124.77,245
05/01/2023,22.59,,60.48,824
17/06/2025,37.88,,126.52,171
30/12/2025,28.13,1.69,121.26,490
10/08/2025,34.19,,101.69,341
26/10/2020,22.7,,141.26,564
25/05/2024,36.08,,50.95,529
21/08/2021,37.26,,133.32,209
17/01/2021,41.75,2.49,138.82,158
17/08/2023,34.22,1.75,96.43,805
10/04/2020,18.48,,84.08,107
29/07/2025,39.28,,82.42,802
10/04/2022,20.64,,138.27,866
08/03/2025,22.86,,110.41,876
17/01/2024,23.74,,71.7,512
26/02/2020,27.4,1.57,91.2,931
28/03/2021,19.3,,96.2,265
24/04/2025,42.41,2.89,148.99,258
11/07/2025,18.57,,65.94,10
02/06/2024,20.86,2.4,133.19,124
11/12/2024,37.59,2.07,136.93,388
16/03/2020,27.61,,89.35,618
01/06/2023,23.23,,60.3,175
28/06/2021,25.88,,114.37,968
05/02/2022,21.34,1.51,59.62,179
23/05/2024,25.62,1.36,52.43,362
15/12/2023,41.56,2.21,57.39,42
05/03/2020,18.28,1.66,117.07,649
02/12/2020,43.28,1.08,125.89,820
10/02/2020,29.69,2.67,69.61,953
17/02/2020,33.88,2.93,115.4,658
28/04/2020,24.51,,120.97,804
28/10/2022,22.67,,66.98,854
06/02/2021,42.07,1.57,105.7,693
08/01/2025,20.51,,64.64,54
16/01/2023,24.67,,52.76,132
14/12/2024,36.28,,85.3,821
24/05/2025,36.0,,63.22,965
20/01/2020,32.78,,59.53,761
20/02/2023,43.38,2.5,81.15,87
16/12/2022,30.01,,83.21,806
15/11/2022,25.05,2.8,67.05,578
17/11/2023,26.65,,126.39,733
19/02/2023,29.03,1.28,79.5,3
21/06/2022,24.25,,53.59,889
08/03/2025,44.61,,95.29,174
13/11/2020,31.03,,60.17,406
13/09/2020,35.96,1.28,62.03,407
25/02/2025,29.52,1.46,108.58,804
30/01/2021,36.37,1.15,57.31,193
11/09/2025,44.42,2.4,55.97,26
30/01/2022,25.09,,125.57,175
13/08/2020,40.19,2.21,63.8,212
26/03/2023,31.66,2.21,128.62,298
23/12/2025,23.85,1.71,96.17,698
27/12/2025,27.27,2.71,79.11,662
16/11/2021,39.44,,116.91,974
25/06/2025,33.59,1.66,124.57,896
01/07/2023,44.6,2.93,104.96,38
14/12/2025,18.62,,104.23,576
07/08/2025,44.53,2.06,51.03,180
25/07/2023,44.46,1.83,106.32,815
16/10/2024,31.6,,147.75,10
21/04/2025,23.36,,136.1,219
20/02/2024,43.19,1.53,87.25,569
10/04/2024,21.79,,92.44,824
15/01/2022,25.29,,125.57,119
06/05/2025,19.2,1.11,90.13,986
14/01/2023,31.97,2.05,79.55,873
09/02/2023,19.24,,115.07,201
11/04/2025,30.95,,63.94,124
19/12/2024,27.71,1.86,127.28,614
25/05/2023,18.58,,100.23,853
10/04/2025,39.11,2.8,81.89,320
17/04/2020,29.11,2.37,118.1,660
16/08/2023,41.64,,148.14,580
18/12/2025,24.99,1.84,104.81,223
30/08/2022,39.8,2.46,108.85,162
02/05/2023,35.65,,70.53,799
20/11/2020,23.27,,64.47,513
30/10/2020,33.05,,72.81,859
02/12/2020,20.51,,107.78,845
05/08/2025,36.82,,107.01,131
30/11/2024,35.58,,50.58,588
01/05/2024,30.84,1.54,52.86,848
14/05/2022,42.33,1.34,93.33,311
16/02/2023,24.94,,72.16,205
21/08/2023,32.9,,92.63,909
01/01/2020,37.62,2.71,89.01,641
26/09/2020,31.21,,133.31,330
30/10/2024,34.76,,74.68,879
16/09/2021,39.52,,103.52,944
22/11/2022,37.33,2.51,99.73,884
10/10/2025,18.48,,83.93,262
03/10/2021,21.31,2.5,102.47,586
07/12/2021,38.03,,56.62,287
26/12/2025,41.77,1.88,104.02,557
26/01/2021,43.54,2.74,120.77,149
12/03/2023,42.93,,92.09,990
06/02/2022,32.54,,50.23,365
28/01/2022,18.48,1.46,76.3,459
05/08/2020,26.95,2.89,108.46,833
27/10/2020,25.34,2.5,104.45,851
08/03/2020,36.43,,146.67,544
09/10/2021,35.42,1.95,133.02,370
08/12/2025,38.62,,60.16,205
17/07/2021,27.63,2.21,111.83,831
25/06/2022,43.89,,93.19,611
22/11/2025,41.78,2.18,69.95,68
07/06/2024,36.27,,50.9,37
21/02/2023,22.23,,102.96,609
04/10/2024,26.8,,56.44,951
02/12/2023,28.99,1.87,146.01,574
01/09/2023,29.76,,83.47,412
27/01/2020,42.16,,60.96,573
06/09/2023,28.8,2.75,55.93,542
08/05/2022,33.88,2.07,70.52,799
09/08/2022,41.4,,94.21,518
17/09/2024,40.67,2.77,82.31,614
24/02/2022,18.59,,84.07,478
03/06/2022,21.28,,129.41,969
09/07/2020,18.93,2.36,116.61,333
15/01/2024,36.16,,98.18,293
25/10/2024,20.45,,90.76,371
02/11/2023,34.69,2.72,68.09,827
26/07/2025,36.81,2.52,101.77,966
03/12/2022,25.11,2.42,80.0,793
06/06/2021,29.03,2.77,70.75,557
23/08/2020,39.74,,135.19,451
11/11/2022,30.76,2.78,85.85,584
07/02/2023,29.57,1.63,93.44,184
12/07/2022,37.64,,79.21,620
04/04/2022,37.06,,120.79,141
12/06/2020,18.31,,143.75,724
07/04/2021,25.97,,125.75,777
11/01/2024,38.74,1.24,57.05,403
16/12/2025,27.58,,101.37,452
06/03/2021,35.2,2.67,87.3,279
26/06/2020,20.27,,60.14,122
02/01/2025,39.11,1.78,105.34,161
29/01/2023,34.06,,117.15,517
07/12/2020,37.57,,72.24,81
13/03/2024,18.69,2.76,61.66,386
25/09/2021,33.44,,56.1,40
11/11/2021,28.75,1.77,119.23,95
08/02/2025,29.51,2.83,146.89,744
18/10/2021,42.35,,116.16,746
11/01/2024,42.85,1.77,83.43,281
25/12/2024,34.2,,110.67,273
27/01/2025,19.83,,148.15,710
20/08/2020,22.26,,57.26,405
04/03/2024,30.46,,117.18,533
04/08/2022,32.22,,128.04,453
21/04/2023,40.77,2.08,126.75,336
30/08/2025,23.34,,100.86,274
04/02/2024,34.49,1.87,93.75,619
26/08/2022,30.21,,117.11,436
01/10/2025,43.59,,63.66,60
01/04/2022,31.17,1.6,121.33,438
23/02/2023,35.85,1.51,53.06,695
13/04/2023,39.51,2.73,104.08,970
02/11/2024,28.77,1.22,94.83,239
29/05/2023,42.85,2.1,89.91,668
24/04/2021,21.29,1.59,107.37,314
29/10/2025,27.17,2.65,146.87,858
16/09/2025,19.67,,71.95,499
17/02/2021,31.67,2.4,131.46,317
26/07/2024,33.03,,143.42,187
24/02/2024,23.3,1.61,131.09,779
12/08/2025,23.55,,72.0,836
27/01/2020,25.15,,109.47,542
27/09/2021,44.18,,63.86,344
11/08/2024,37.62,,132.37,642
06/07/2020,35.28,1.75,104.47,132
03/03/2025,37.67,,108.36,32
31/03/2024,36.29,2.79,139.08,359
18/06/2024,44.25,1.11,101.3,299
24/09/2022,21.31,2.57,58.33,490
15/03/2023,28.47,,127.62,218
30/12/2023,41.04,1.33,149.19,237
08/04/2025,22.49,2.98,91.77,287
15/03/2022,37.81,,130.11,862
02/06/2022,21.88,,55.15,791
04/11/2020,30.29,,137.25,245
24/05/2023,39.98,,79.06,319
05/08/2020,30.92,2.66,112.37,65
02/04/2020,39.51,2.54,76.36,584
04/09/2025,36.35,,57.09,934
08/01/2020,41.61,,101.65,120
19/11/2025,39.93,,92.9,419
20/10/2025,20.97,,149.44,71
06/11/2025,22.93,1.53,108.56,909
19/09/2024,34.72,2.51,65.05,862
20/11/2021,33.01,1.66,138.2,951
13/04/2021,22.02,,93.83,828
23/08/2022,23.32,,89.78,397
15/06/2024,35.77,2.47,133.42,516
15/09/2023,39.15,2.15,53.19,356
10/01/2021,41.42,,59.23,875
20/05/2024,26.18,1.49,98.03,669
07/06/2022,25.69,,134.93,616
14/02/2021,18.09,1.89,86.84,380
13/04/2021,36.28,2.57,77.58,814
16/10/2020,25.07,,106.89,131
19/05/2024,21.94,2.67,65.95,793
13/04/2023,27.73,2.19,108.14,499
20/09/2022,34.59,,142.78,60
19/08/2021,19.32,,141.16,211
02/07/2025,39.47,1.68,119.76,272
01/11/2022,29.73,2.56,135.29,415
10/02/2020,18.54,,81.52,150
22/05/2021,44.04,,77.56,650
27/08/2022,35.48,,100.79,646
30/05/2020,26.44,,56.0,724
13/12/2023,33.49,2.61,61.2,182
11/08/2020,42.19,,55.85,413
01/06/2021,34.13,,116.85,403
04/05/2025,26.72,2.45,65.61,296
18/01/2021,25.08,,89.46,33
15/05/2020,44.92,1.69,134.06,313
03/03/2025,42.13,,78.27,118
28/09/2024,23.6,2.21,149.04,315
02/05/2024,18.41,1.39,118.1,862
20/01/2023,28.08,,68.87,136
25/01/2025,40.18,2.35,86.63,143
14/06/2021,18.01,2.76,137.55,699
03/08/2022,40.96,2.9,86.03,129
27/10/2021,37.95,1.36,106.9,754
11/10/2020,19.5,2.73,119.4,248
09/08/2021,38.44,,98.32,356
22/09/2023,35.11,,106.25,169
07/06/2022,40.87,,115.24,373
17/07/2025,24.08,1.23,104.84,119
24/09/2023,33.54,,56.55,451
14/05/2025,22.37,2.53,89.87,698
11/11/2024,41.7,,131.54,423
11/07/2020,34.46,1.28,82.45,587
18/08/2021,27.15,,94.85,382
27/07/2021,38.02,1.6,124.15,826
06/07/2022,22.48,,81.16,2
11/04/2022,40.39,1.21,58.59,558
08/08/2021,29.36,1.74,121.26,615
02/02/2022,43.69,,137.67,16
30/11/2023,32.22,,70.52,913
26/11/2023,27.39,1.44,107.77,713
20/03/2025,44.57,2.29,133.16,718
30/03/2025,25.78,,125.66,179
16/05/2023,40.71,1.4,110.87,74
22/02/2022,20.06,,143.6,55
01/10/2021,30.75,,86.29,850
12/04/2024,20.12,,143.49,918
20/01/2022,40.68,1.84,116.89,444
10/11/2022,24.73,1.72,122.29,122
06/12/2025,36.27,,102.42,5
23/11/2025,21.49,,77.46,317
01/12/2022,24.12,,72.09,432
23/06/2024,23.43,1.1,141.84,765
12/06/2022,35.01,,103.13,103
19/05/2021,21.23,2.54,65.85,870
11/06/2022,33.16,2.22,60.62,603
15/03/2023,27.58,,54.77,604
14/02/2024,21.6,,90.2,489
01/10/2023,34.84,,51.1,987
20/03/2024,42.33,,73.81,97
03/12/2024,37.05,,89.66,928
29/03/2023,29.82,1.46,123.38,753
29/11/2023,39.86,1.02,110.97,119
17/11/2022,39.92,,140.44,827
12/05/2023,23.63,2.9,72.58,267
14/02/2025,35.64,,122.71,510
11/07/2021,35.21,1.38,61.55,832
02/12/2022,29.3,,79.76,653
04/10/2023,44.79,,137.62,689
03/02/2020,33.71,,74.02,807
17/01/2025,18.38,2.12,149.06,360
23/05/2024,40.53,1.82,109.05,411
07/07/2024,27.56,,135.25,918
03/11/2024,37.82,1.7,98.19,629
04/06/2020,41.36,,73.93,762
27/11/2023,21.49,,92.29,573
29/08/2024,33.09,2.82,72.89,361
03/01/2023,39.58,1.88,75.61,520
20/12/2021,34.85,1.79,112.25,529
23/09/2020,21.3,1.35,74.48,314
09/10/2020,30.6,,60.5,592
08/06/2022,44.19,,55.21,247
23/11/2024,39.84,,55.64,744
23/03/2021,34.17,,124.23,937
09/10/2023,26.56,,133.82,667
07/03/2020,25.77,1.92,124.22,81
05/05/2025,27.92,1.91,100.66,355
15/07/2025,39.85,2.57,64.87,41
29/05/2025,26.7,1.52,112.08,540
21/08/2024,30.64,,113.41,568
21/08/2021,35.23,1.7,135.61,68
02/07/2022,19.85,2.3,125.47,704
24/02/2025,28.69,,73.89,636
13/11/2021,21.06,,89.04,762
17/09/2020,38.48,2.05,96.54,174
12/07/2023,37.33,,126.85,756
24/09/2022,31.09,,114.43,797
02/03/2025,42.06,,60.22,479
19/06/2025,33.44,,145.19,713
27/11/2022,40.31,,142.36,92
17/03/2020,41.59,2.51,66.88,575
21/09/2023,28.77,2.63,107.4,457
21/09/2020,33.59,1.03,97.42,123
23/11/2025,32.84,1.19,51.38,876
28/12/2022,33.36,,110.95,601
21/01/2021,22.64,1.81,134.11,806
22/01/2020,42.37,1.63,101.05,919
25/05/2025,27.98,1.18,125.17,391
11/08/2025,43.97,,73.74,997
20/10/2023,26.68,,144.93,43
19/02/2021,27.34,,100.37,241
27/10/2022,36.46,,51.93,991
23/02/2022,37.38,2.37,108.49,687
23/05/2025,34.36,,59.2,371
10/12/2022,24.2,,73.22,904
12/06/2022,32.86,,60.59,324
26/04/2020,25.87,,67.66,933
21/06/2022,22.08,,129.01,326
14/10/2024,22.45,1.72,112.38,823
30/10/2023,41.23,,106.52,186
13/02/2025,23.67,1.95,102.79,313
08/02/2024,42.49,1.64,141.47,648
30/08/2023,22.52,,136.6,812
03/11/2024,43.91,1.35,127.96,346
13/12/2024,26.33,,69.04,727
14/10/2025,35.69,2.99,58.23,726
04/12/2023,31.7,,94.0,629
05/03/2022,38.04,,52.09,615
03/09/2022,27.75,1.31,149.58,350
30/04/2020,26.65,,56.16,454
12/03/2021,37.63,2.94,53.93,718
22/01/2022,31.86,,73.52,671
10/10/2022,34.42,,103.79,325
04/01/2021,19.19,2.99,95.73,980
06/12/2020,34.46,1.59,85.79,224
06/05/2025,33.9,2.4,58.65,597
04/09/2021,30.3,1.12,89.06,622
17/04/2024,23.12,,113.99,275
20/06/2020,37.63,,86.69,771
24/09/2025,34.93,,55.29,406
13/10/2022,44.44,2.77,125.18,502
08/09/2022,43.92,,142.98,59
01/01/2023,24.88,,123.87,987
25/08/2022,35.72,,77.46,190
22/04/2025,37.08,,76.17,118
07/07/2022,34.03,,144.24,933
20/06/2025,29.35,,118.0,288
04/04/2021,37.65,1.57,90.25,580
15/03/2020,39.47,1.57,71.06,887
12/05/2025,19.91,,82.14,615
13/10/2020,24.66,1.93,90.66,2
30/07/2023,22.42,,123.21,975
04/12/2023,31.22,2.98,108.7,808
06/12/2022,28.53,,79.76,984
11/06/2024,30.22,,121.55,743
03/11/2023,43.11,,90.33,138
03/01/2022,36.62,2.54,70.15,335
16/05/2021,30.0,,144.28,949
28/08/2021,27.95,1.54,50.61,1
16/11/2024,44.6,2.21,129.12,491
21/01/2024,41.57,,141.22,751
08/06/2022,29.14,,95.89,889
23/06/2021,40.89,,143.25,371
08/10/2024,29.38,1.55,60.24,171
12/01/2022,39.15,,79.08,582
03/10/2025,32.69,,125.05,890
13/04/2025,38.98,,125.88,742
02/07/2020,26.06,,87.02,774
25/01/2024,20.99,2.08,78.07,914
19/07/2020,18.87,,80.01,162
22/10/2025,19.73,1.22,128.43,524
13/05/2023,38.17,2.0,84.32,798
20/01/2021,38.43,,142.56,993
07/07/2024,33.99,,77.31,818
08/11/2024,25.55,1.42,117.5,567
02/11/2023,35.45,,110.66,128
11/07/2025,37.03,,119.03,437
01/04/2024,43.07,,96.73,736
01/03/2020,30.35,,119.91,653
05/08/2024,27.65,1.39,126.6,988
09/03/2020,42.78,1.82,122.34,508
24/09/2024,37.09,1.13,113.77,738
01/01/2023,27.72,1.57,126.51,255
14/03/2020,35.57,1.71,84.34,646
03/03/2025,27.67,,92.38,676
28/09/2020,41.62,1.18,81.58,276
29/07/2023,39.68,2.38,57.85,518
01/01/2020,21.57,2.87,52.79,700
26/10/2021,30.5,,117.59,396
08/04/2021,32.44,2.92,137.78,387
21/06/2022,24.15,,91.43,383
03/11/2022,37.74,2.74,94.37,263
31/10/2024,34.64,,123.32,674
19/05/2023,38.65,,83.11,245
02/08/2020,31.5,,101.02,869
27/07/2023,24.41,2.36,140.3,621
17/11/2020,26.83,1.48,74.7,473
02/03/2022,30.28,,121.86,570
29/01/2021,27.34,,71.05,449
24/06/2020,19.23,1.29,89.6,99
14/01/2022,25.05,,120.84,728
10/08/2024,19.71,1.42,60.15,429
28/09/2021,25.68,,122.15,29
22/08/2025,25.42,1.68,144.47,458
19/01/2020,23.2,2.36,109.08,316
29/05/2022,21.51,2.78,126.89,846
09/01/2021,40.28,,61.4,677
05/05/2023,37.94,,85.96,732
07/09/2024,25.25,2.37,140.2,532
04/03/2024,44.54,,87.17,122
27/03/2023,33.59,,53.76,541
26/09/2021,44.33,,115.14,166
07/02/2023,37.72,2.11,148.14,695
05/08/2024,30.94,,69.36,376
29/01/2024,44.86,,140.8,390
09/03/2023,19.38,2.41,52.91,720
14/08/2022,18.01,,56.05,458
20/07/2022,42.36,,87.99,991
08/02/2025,34.17,1.61,83.96,993
20/12/2025,32.2,,62.92,195
11/08/2025,29.13,2.5,99.45,131
23/02/2020,24.8,1.63,126.65,718
29/08/2024,31.21,,108.44,956
15/03/2022,21.31,1.98,107.93,138
26/06/2024,22.9,1.13,50.09,189
26/11/2025,39.29,,67.6,477
03/03/2025,26.9,,113.57,683
13/11/2025,36.77,1.46,114.39,707
19/06/2025,27.56,2.25,136.25,661
29/01/2022,23.52,2.64,66.55,789
26/11/2021,28.5,2.94,88.92,155
20/06/2025,34.78,,81.08,359
29/02/2020,20.56,,143.03,697
23/04/2025,29.12,1.9,51.39,428
18/06/2024,28.44,,143.65,231
29/11/2020,18.94,,64.38,110
09/01/2022,41.22,,71.33,475
05/07/2023,26.97,1.84,148.04,917
12/06/2020,42.06,,128.71,806
21/08/2022,44.77,,128.04,234
19/08/2020,24.16,,64.51,743
14/04/2022,31.2,,136.19,285
31/12/2021,37.63,,91.01,867
03/03/2025,32.04,2.99,57.63,166
16/03/2024,34.63,1.43,100.3,532
24/04/2022,41.85,,55.34,454
01/09/2021,34.68,2.07,96.04,831
10/05/2021,23.59,,126.6,22
17/11/2021,30.98,1.78,131.88,633
15/10/2024,36.0,2.24,84.01,222
30/11/2021,25.29,1.41,94.57,991
23/10/2023,22.54,1.59,70.21,255
10/11/2022,36.34,1.53,145.06,899
16/10/2020,30.39,,81.79,343
23/05/2021,25.41,2.7,102.56,905
02/02/2025,29.9,1.28,129.17,476
22/01/2022,44.46,2.09,59.74,285
26/11/2024,22.02,2.18,132.14,824
18/05/2023,26.28,2.51,134.94,771
30/06/2023,20.17,1.1,141.31,759
12/04/2021,18.17,1.98,78.25,764
14/06/2022,34.13,,131.49,64
20/01/2020,40.39,2.84,91.18,949
07/04/2023,27.86,2.23,126.14,866
07/08/2024,42.3,,88.64,788
27/07/2020,35.16,,56.33,860
26/10/2021,20.03,,88.81,376
08/05/2022,21.7,,65.31,665
27/12/2022,43.31,2.14,61.37,484
14/10/2022,24.9,2.85,79.68,666
09/04/2020,29.59,1.93,99.34,446
10/04/2021,41.6,,99.51,923
19/12/2024,23.85,1.89,148.18,954
13/04/2021,29.57,1.52,93.66,872
29/11/2020,31.04,2.13,56.87,398
10/11/2020,28.74,2.21,71.37,166
02/07/2020,43.59,2.74,68.94,549
30/06/2022,41.27,,51.28,338
07/07/2020,44.05,2.04,101.15,549
06/12/2023,42.35,2.03,56.06,577
22/01/2024,20.25,2.02,56.07,949
16/11/2022,22.23,,128.21,431
23/12/2021,18.29,2.79,120.1,171
19/11/2022,38.54,1.55,90.37,570
05/06/2024,41.97,,101.22,286
13/01/2023,40.3,,63.91,488
04/02/2022,37.31,1.15,119.15,102
10/10/2025,38.57,,132.98,357
18/07/2020,31.82,2.98,132.53,394
04/11/2021,40.44,2.99,107.97,495
26/05/2022,38.48,1.42,132.88,308
21/09/2025,44.01,,146.48,706
28/10/2020,33.27,,76.11,762
24/09/2024,25.62,,59.52,330
27/06/2020,37.57,,117.75,13
17/12/2022,44.16,1.75,98.93,466
23/05/2020,22.79,,128.14,392
30/06/2022,27.07,,88.05,360
11/02/2021,42.55,1.62,51.79,312
23/04/2024,22.61,,123.63,885
27/06/2024,33.29,1.79,140.0,676
07/12/2020,34.8,,85.05,922
22/03/2025,30.26,2.14,134.04,755
03/02/2023,38.98,,137.23,171
24/03/2021,39.96,,136.26,716
27/05/2023,18.94,,88.29,688
12/12/2023,28.9,,120.5,998
11/02/2021,22.76,2.55,99.05,766
18/02/2025,41.76,,114.19,963
23/02/2020,34.67,1.03,119.84,859
30/09/2023,26.44,1.75,145.92,715
01/06/2020,37.13,,52.78,47
01/07/2021,25.59,2.59,60.74,803
25/02/2020,41.44,,107.35,957
24/02/2023,44.86,2.24,87.74,564
06/07/2024,35.54,1.41,121.96,913
03/03/2022,20.2,,131.32,671
04/02/2024,32.17,2.48,116.14,37
24/06/2024,28.05,1.75,74.79,271
12/03/2021,22.19,,50.81,585
13/07/2023,35.45,,62.09,479
15/06/2020,33.55,2.89,78.77,125
18/07/2023,42.9,2.52,143.48,257
11/02/2024,18.68,,56.67,543
12/04/2022,32.1,,65.36,820
11/08/2022,33.6,,77.69,85
25/03/2025,27.14,,112.08,599
15/08/2020,33.39,2.18,116.0,154
05/12/2022,44.01,2.83,77.44,369
03/12/2022,27.17,,98.52,237
28/09/2021,34.39,,129.29,401
29/05/2021,38.82,,101.21,667
30/09/2023,24.21,1.08,129.83,65
20/09/2025,37.68,2.25,109.53,229
28/05/2025,19.17,1.89,82.8,71
22/01/2023,27.11,1.58,80.78,472
21/01/2022,35.33,1.24,72.96,731
13/11/2021,42.66,1.56,54.95,850
29/03/2020,36.66,2.06,139.01,618
29/09/2024,33.86,,138.54,727
12/05/2021,42.32,1.78,143.48,449
05/01/2020,21.71,,135.38,348
04/08/2020,28.73,,62.84,168
30/07/2023,25.62,,139.4,527
27/02/2021,20.55,,107.77,232
04/05/2020,27.65,1.93,145.97,357
07/01/2020,27.42,2.0,139.66,762
05/04/2021,21.46,,149.31,100
10/06/2021,38.22,2.55,100.99,90
28/05/2020,43.95,,138.36,334
17/03/2020,23.44,,81.86,954
30/04/2022,21.55,,134.39,789
12/10/2023,30.34,2.26,81.94,323
27/01/2024,36.04,,70.34,456
15/08/2022,39.37,2.3,50.39,772
10/07/2022,36.96,,130.2,155
26/08/2024,28.79,1.37,69.92,692
13/11/2023,20.52,1.37,137.93,751
19/10/2023,37.69,2.79,71.53,439
19/02/2024,37.05,1.12,147.32,565
20/06/2020,25.12,,79.52,649
05/09/2023,41.6,,121.03,448
20/07/2024,38.84,2.52,101.24,560
06/01/2025,20.25,,73.07,588
17/09/2022,43.28,2.69,110.58,400
28/11/2025,22.35,1.59,62.5,387
07/05/2022,19.28,,96.75,55
24/03/2025,18.69,,86.72,579
08/02/2021,22.38,1.09,115.17,205
18/03/2022,29.97,,133.51,818
16/02/2024,39.52,2.92,56.03,565
21/03/2020,44.46,,89.46,977
29/08/2025,42.63,2.56,55.25,610
04/01/2024,38.96,2.7,128.56,894
16/08/2024,27.15,,56.92,356
11/01/2020,24.84,1.61,53.88,310
06/02/2023,27.63,2.0,68.37,946
19/03/2024,23.38,,126.64,892
17/05/2025,38.37,2.21,149.15,775
17/07/2023,21.91,,92.31,896
28/04/2023,38.84,,142.14,397
29/02/2024,22.01,,70.26,747
25/03/2021,20.58,2.04,70.3,989
20/05/2020,27.29,2.93,145.7,242
27/04/2025,18.9,2.0,70.63,607
13/04/2022,36.53,1.36,71.64,426
20/06/2025,33.29,2.69,123.37,967
09/04/2023,33.79,1.87,50.93,220
26/02/2020,26.72,1.03,116.48,824
08/02/2022,36.95,1.72,138.8,527
29/10/2021,33.09,1.95,54.75,377
03/07/2025,28.64,2.15,132.51,628
03/04/2023,36.97,1.27,101.91,117
24/02/2022,26.13,1.58,132.59,263
01/07/2025,29.2,1.93,126.23,472
19/07/2024,31.02,2.12,109.06,63
07/03/2020,34.69,,96.3,172
24/06/2020,24.85,,96.77,804
08/12/2024,41.91,1.6,100.71,598
30/11/2023,23.03,,95.27,902
05/03/2020,23.06,,113.68,254
07/01/2021,23.93,,117.21,81
11/08/2024,19.49,,132.13,181
08/02/2021,27.97,1.16,100.82,365
16/09/2023,26.09,2.79,112.14,154
05/11/2020,36.67,,109.71,791
10/01/2022,34.93,2.15,145.95,574
31/03/2020,23.1,2.1,88.81,585
24/09/2025,37.88,,72.08,801
28/11/2023,39.63,,59.42,868
26/02/2024,26.41,,93.69,349
21/04/2022,38.84,,88.72,528
23/08/2025,34.81,2.21,73.64,262
28/03/2024,32.11,,82.95,629
13/06/2025,37.92,1.95,53.92,329
09/08/2025,40.34,,124.24,844
24/04/2020,25.69,1.23,58.55,9
16/07/2025,32.23,,55.64,177
20/10/2024,23.71,1.46,121.01,842
03/01/2021,34.33,,104.87,747
18/09/2024,22.61,1.47,91.36,373
16/11/2025,34.04,,145.07,233
15/06/2025,27.35,2.62,57.4,868
01/03/2023,42.26,1.81,56.17,218
11/09/2022,25.97,1.53,88.19,898
13/01/2025,23.55,1.68,93.36,209
08/01/2023,19.68,2.84,68.9,42
02/07/2024,20.15,,120.35,945
07/02/2024,43.52,2.37,91.95,282
23/08/2023,26.55,2.29,113.61,605
24/04/2021,33.23,,122.19,16
17/08/2024,29.38,,104.32,552
24/10/2021,24.64,,66.29,712
07/04/2025,36.45,,139.86,151
09/06/2025,22.14,2.23,58.66,417
13/12/2020,38.3,2.99,56.34,969
19/05/2024,33.59,1.52,132.48,222
29/07/2024,38.65,,110.18,635
19/12/2024,30.83,2.24,109.52,491
15/01/2021,43.28,2.48,58.48,360
27/04/2021,36.58,,118.62,120
29/05/2021,33.56,2.57,81.02,995
14/03/2023,30.02,,58.09,359
12/02/2020,19.43,,125.95,409
27/01/2023,26.0,2.65,73.65,413
