FECHA_REGISTRO,MASA_CORPORAL,ESTATURA,PESO,CLIENTE_ID
02/08/2019,43.55,1.35,200.12,183
29/03/2016,22.45,1.57,188.36,12
03/06/2024,37.88,1.2,140.58,135
31/12/2022,24.22,2.06,47.13,184
02/06/2018,15.77,1.82,244.54,58
22/08/2015,23.47,1.25,75.97,91
04/09/2019,55.24,1.61,43.32,140
30/03/2017,20.24,1.98,189.59,198
16/06/2019,14.17,1.54,33.36,16
21/01/2016,42.04,2.08,41.98,194
07/08/2021,40.17,1.7,92.93,34
04/11/2020,30.15,1.23,208.67,186
13/10/2021,56.33,1.99,100.33,64
26/02/2017,34.3,1.52,133.53,3
23/05/2016,34.52,1.35,159.46,94
05/07/2019,33.94,2.05,184.38,111
17/05/2019,36.36,1.37,165.09,38
31/03/2021,12.45,1.43,38.84,39
14/10/2023,19.31,1.28,179.71,44
09/03/2017,43.88,2.05,235.84,131
25/05/2019,21.98,1.67,81.41,169
25/05/2024,52.24,1.21,57.6,52
06/02/2021,13.75,1.88,156.45,170
12/10/2016,37.83,1.26,96.88,159
19/06/2017,30.22,1.24,33.03,29
06/07/2022,27.45,2.02,103.26,127
01/07/2017,11.17,1.84,185.98,49
02/07/2022,40.93,1.82,102.55,198
13/06/2024,30.76,1.89,103.35,32
18/09/2015,57.54,2.16,132.21,7
11/12/2019,52.31,2.2,85.64,81
16/03/2023,21.34,1.34,208.12,77
27/04/2015,46.02,1.62,73.78,127
01/03/2024,54.16,1.96,114.52,6
26/04/2021,37.49,1.95,150.52,69
07/06/2015,45.69,1.39,137.54,65
04/03/2023,44.61,1.82,218.45,118
29/06/2016,53.87,1.74,115.42,5
17/01/2016,33.59,1.34,222.51,107
27/05/2023,59.05,1.94,154.63,198
14/02/2025,29.81,1.85,215.04,98
17/11/2025,28.48,1.99,201.85,11
17/12/2025,47.95,2.19,44.64,174
01/09/2023,21.01,2.2,215.43,75
08/09/2016,32.41,1.43,146.34,87
22/10/2016,17.22,1.49,52.63,160
05/08/2024,12.13,1.65,113.48,47
05/11/2025,22.65,2.04,216.17,183
11/03/2020,42.96,2.02,141.62,142
06/05/2019,29.11,1.76,75.99,154
06/10/2021,43.67,1.61,135.49,26
01/06/2020,19.62,1.85,229.0,12
30/05/2015,19.18,1.25,42.62,72
08/03/2018,35.61,2.08,200.05,146
26/10/2025,22.48,1.54,199.79,173
02/06/2016,23.5,2.09,229.58,153
01/08/2015,23.72,1.66,216.2,3
01/07/2017,48.29,1.98,111.55,70
21/03/2016,17.22,2.19,210.89,195
26/12/2023,28.78,1.42,175.18,54
09/05/2022,14.46,2.15,51.85,186
30/12/2020,22.72,2.04,187.98,195
06/03/2018,30.93,1.28,172.07,5
20/03/2023,29.55,1.98,179.73,195
09/01/2019,42.54,1.21,34.93,93
13/02/2024,50.22,1.54,240.66,49
04/05/2016,20.91,2.02,124.41,168
12/02/2020,59.68,1.47,46.09,112
10/12/2016,46.75,1.24,135.4,36
03/10/2016,45.75,2.07,213.59,34
29/07/2022,37.5,2.02,79.69,184
21/03/2025,55.09,2.01,169.12,136
20/02/2015,56.58,1.24,82.2,166
11/02/2025,55.79,1.42,107.24,89
28/01/2022,52.04,1.66,96.38,1
11/07/2017,27.9,1.25,113.77,107
17/06/2025,49.42,1.76,67.33,65
17/08/2018,56.26,1.2,93.57,79
06/04/2021,50.35,2.09,118.62,178
14/07/2024,33.35,1.48,48.92,86
14/06/2023,43.67,1.96,182.03,36
20/10/2017,16.48,2.16,171.37,36
30/12/2024,25.73,2.02,228.99,53
16/08/2020,53.31,1.74,233.2,86
11/04/2024,43.58,1.76,226.65,134
29/12/2023,38.95,1.53,96.86,107
25/10/2021,15.46,1.42,247.15,38
28/03/2021,19.26,1.62,158.66,3
16/05/2023,59.3,2.17,163.28,171
05/10/2015,48.78,2.07,163.52,37
08/01/2016,40.5,1.89,62.43,175
13/12/2020,56.51,1.78,223.1,31
31/12/2024,19.21,1.92,134.88,49
28/09/2018,40.24,1.98,149.99,49
24/08/2023,18.75,2.18,86.87,166
04/04/2024,58.88,2.02,146.81,55
07/06/2022,50.08,2.01,110.45,157
17/11/2017,16.57,1.64,249.56,4
04/03/2024,45.77,1.54,208.3,74
30/08/2017,59.72,1.56,34.41,30
07/11/2015,47.48,1.91,66.89,42
23/08/2018,49.42,1.72,160.88,46
23/08/2020,46.3,1.5,120.97,63
05/06/2022,49.1,1.36,41.87,188
25/12/2022,33.97,1.57,213.63,124
30/08/2021,31.26,1.66,51.48,39
17/06/2018,47.27,1.21,132.08,172
22/05/2025,30.48,2.12,106.27,1
10/03/2024,17.69,1.57,54.43,117
04/02/2023,22.25,1.99,168.3,91
06/02/2018,15.44,2.05,203.06,159
02/07/2021,14.73,2.1,50.73,107
29/09/2023,31.8,1.3,238.57,100
02/12/2015,51.59,2.15,184.65,64
18/07/2015,21.5,1.83,32.42,46
06/01/2019,25.71,1.37,115.4,119
05/12/2021,35.92,1.85,50.5,147
21/03/2021,31.3,1.95,191.73,193
03/12/2019,55.82,1.28,244.58,81
18/01/2016,54.32,1.95,70.22,93
11/05/2023,29.33,1.64,210.52,70
06/12/2022,36.27,1.43,139.75,134
01/06/2018,39.73,1.66,65.4,60
26/05/2024,34.41,1.97,33.37,50
21/09/2018,45.59,1.63,81.2,93
26/02/2023,51.79,1.71,110.45,4
27/01/2025,10.23,1.5,110.57,7
01/09/2020,33.57,1.81,90.95,156
10/12/2019,10.79,1.97,35.58,1
24/05/2024,53.56,1.33,70.06,193
25/06/2015,32.87,1.23,108.02,133
06/03/2021,42.07,1.91,90.26,128
15/07/2016,15.53,1.71,146.16,143
14/09/2021,33.16,1.2,169.08,14
06/07/2017,42.43,1.4,128.34,98
19/06/2015,28.16,1.38,75.69,30
19/07/2020,13.02,1.57,225.44,25
07/03/2022,47.41,1.62,107.17,172
15/09/2024,27.86,1.41,164.8,20
15/09/2023,25.9,1.87,77.87,12
22/03/2021,16.76,1.73,204.73,52
03/04/2024,17.8,2.02,230.63,91
25/08/2018,44.31,1.36,148.03,141
02/02/2019,33.6,1.52,63.82,177
09/06/2023,24.91,2.03,195.85,189
23/09/2020,41.68,2.16,31.44,37
24/12/2020,54.96,1.72,210.62,110
12/09/2024,20.15,1.93,248.78,123
24/07/2017,19.38,2.0,75.93,193
29/12/2021,47.38,2.02,136.25,63
16/05/2019,29.9,1.33,46.93,27
26/07/2025,19.81,2.17,40.53,97
23/10/2021,41.76,1.31,141.11,193
21/01/2020,37.09,1.47,135.51,12
31/07/2018,20.1,2.06,167.06,63
22/09/2019,41.08,1.66,230.92,25
23/03/2021,43.74,1.25,109.0,78
29/07/2022,25.59,1.29,168.73,31
25/09/2023,39.18,1.27,91.39,40
08/10/2024,54.87,1.73,220.53,115
04/08/2017,51.25,1.43,92.07,138
06/11/2018,50.02,1.99,123.24,55
20/06/2018,24.8,1.77,88.79,47
01/10/2025,24.23,1.98,161.85,69
13/04/2025,43.29,1.25,171.7,115
13/03/2019,39.13,1.51,37.67,69
23/08/2019,51.11,1.32,200.01,114
10/07/2017,36.19,1.69,198.47,169
03/09/2024,27.81,1.79,45.77,156
14/03/2018,57.24,2.09,102.81,150
05/11/2019,56.64,1.74,147.17,32
08/10/2025,59.34,2.0,178.61,106
04/11/2019,59.41,2.08,108.03,15
01/12/2022,30.16,1.8,58.66,18
29/12/2020,41.3,2.04,122.49,137
16/09/2019,40.4,1.57,47.69,144
08/09/2023,59.55,1.2,96.12,69
26/10/2022,17.71,1.99,147.23,38
20/02/2017,56.66,1.44,65.94,75
02/10/2017,45.55,1.85,207.81,168
23/02/2018,55.73,1.24,51.84,161
25/01/2021,40.13,1.77,41.58,196
11/12/2016,46.93,1.57,171.06,148
30/12/2023,48.53,1.87,66.1,81
13/11/2017,24.85,1.51,37.58,104
04/04/2020,12.32,1.51,108.84,42
29/01/2016,46.33,1.89,208.01,156
10/08/2015,40.22,1.66,237.91,104
13/06/2018,40.95,1.59,40.2,31
06/02/2019,50.74,1.67,231.69,155
15/01/2025,26.78,1.59,237.72,98
12/08/2022,13.17,1.24,120.61,121
02/12/2015,26.93,1.44,168.51,31
26/09/2015,30.43,1.49,60.09,81
19/05/2017,10.96,2.06,76.18,158
24/07/2021,49.13,2.18,105.72,184
12/07/2016,35.95,1.26,160.12,10
18/01/2025,58.07,1.26,54.95,88
30/06/2024,57.0,1.91,43.03,31
27/01/2022,19.05,1.64,152.79,195
17/10/2015,38.92,1.64,64.62,37
14/03/2015,49.13,1.66,97.39,173
30/05/2019,37.26,1.97,59.26,13
09/11/2022,53.73,1.87,218.28,195
22/07/2025,21.39,1.69,210.64,2
22/10/2024,45.76,1.98,200.22,119
28/01/2021,57.61,1.57,216.18,89
13/09/2016,48.81,1.26,241.89,30
27/08/2017,48.79,1.47,142.28,189
22/11/2021,55.44,2.15,238.86,170
18/07/2022,13.77,1.86,94.89,114
14/01/2022,48.13,1.29,128.99,133
15/01/2018,23.43,2.05,185.99,93
18/05/2024,28.09,1.39,122.76,140
25/08/2020,48.02,1.86,234.27,48
22/07/2017,47.45,2.14,52.84,58
08/03/2018,30.7,1.98,247.65,4
24/01/2018,35.19,1.46,108.68,73
17/01/2016,41.77,1.33,164.83,118
10/06/2016,10.68,1.64,226.09,169
20/10/2015,41.27,2.19,117.62,64
08/08/2017,25.01,1.86,73.72,57
28/07/2020,37.18,1.54,82.68,15
23/06/2016,44.19,1.26,76.67,156
20/04/2016,32.63,1.94,106.01,169
26/01/2021,18.55,1.84,192.08,176
23/07/2019,25.08,1.79,168.25,35
21/10/2021,44.7,2.0,235.36,150
03/07/2024,28.03,1.63,140.98,104
07/05/2015,16.27,1.38,226.85,79
03/03/2016,12.73,1.81,150.19,69
04/09/2022,30.55,2.07,34.99,132
14/02/2015,22.97,1.35,93.11,76
20/01/2017,18.26,1.2,152.05,110
24/07/2016,25.2,1.46,142.17,176
04/04/2016,48.98,1.56,198.6,28
07/10/2015,48.4,1.95,57.52,61
24/07/2024,56.42,1.8,168.55,28
25/04/2021,34.03,1.48,84.96,163
14/08/2017,36.72,1.26,168.83,190
22/03/2015,44.93,1.22,140.93,181
20/02/2015,14.11,1.27,201.89,26
21/09/2016,32.45,1.71,124.04,192
13/08/2016,20.82,1.46,77.11,135
28/11/2022,41.0,1.96,194.76,104
02/10/2022,39.17,1.85,94.19,31
17/09/2016,48.24,2.15,245.6,199
16/07/2021,49.05,1.69,217.43,144
17/03/2016,22.58,1.44,178.58,18
12/09/2021,26.46,1.36,77.0,177
24/11/2017,26.27,1.62,97.77,100
04/02/2019,18.09,1.92,231.12,160
19/03/2023,37.99,1.34,211.61,110
12/09/2018,21.12,1.85,167.51,56
26/07/2016,55.54,1.35,50.38,2
22/02/2019,46.04,1.57,219.86,179
08/11/2020,21.27,1.86,125.94,73
12/10/2020,40.07,1.63,177.55,11
21/03/2023,31.57,1.93,95.07,154
28/06/2022,42.18,1.42,85.16,150
19/09/2020,24.19,1.29,192.95,45
05/09/2016,22.09,1.23,51.6,199
30/05/2020,31.83,1.78,170.19,54
16/07/2018,14.37,1.64,187.41,143
12/10/2024,23.01,2.01,49.14,144
22/04/2017,42.97,1.71,112.49,52
02/09/2020,26.47,1.42,69.25,35
15/03/2024,19.96,1.91,116.38,142
05/06/2023,25.31,1.81,172.68,113
04/11/2016,28.81,1.27,176.21,177
30/01/2018,55.97,2.08,144.57,74
23/03/2019,45.11,1.57,84.95,92
19/02/2020,35.59,1.44,221.01,55
05/04/2015,40.02,2.16,241.27,185
05/11/2017,27.32,1.34,194.9,104
17/02/2025,46.96,1.69,134.65,129
24/05/2022,13.11,1.57,198.67,175
30/04/2016,18.23,1.27,57.09,167
06/09/2021,31.32,1.58,186.73,26
14/06/2018,50.88,2.02,52.65,149
08/02/2019,20.15,1.72,110.75,9
09/03/2019,54.89,1.48,222.01,83
14/02/2022,38.08,2.14,241.57,149
06/07/2016,25.37,1.96,246.37,66
26/04/2023,38.53,1.82,83.45,9
13/07/2016,28.17,1.65,56.5,85
28/05/2023,35.92,1.81,91.07,167
26/09/2025,29.81,2.06,81.01,163
18/12/2024,44.18,1.32,247.55,42
07/06/2023,56.48,1.62,67.67,93
28/02/2019,23.34,1.89,224.68,134
26/01/2018,38.74,1.5,170.2,120
25/04/2018,43.76,1.23,198.34,76
21/11/2022,39.68,2.11,227.85,77
26/11/2021,19.14,2.0,202.42,5
01/08/2019,40.5,1.88,60.46,23
19/01/2025,13.59,1.21,236.71,194
10/03/2022,27.42,1.53,209.73,135
05/09/2016,36.34,1.33,103.08,124
16/08/2020,13.9,1.62,198.53,81
09/05/2017,56.4,1.97,162.82,121
15/01/2024,38.06,1.66,35.21,199
26/03/2025,57.79,1.98,69.35,111
02/02/2015,29.72,1.27,222.89,183
15/03/2017,52.83,1.48,122.57,36
09/05/2021,42.62,1.73,228.74,157
12/07/2018,27.97,1.43,198.62,162
18/02/2016,48.76,1.35,141.28,88
07/07/2015,57.68,1.98,220.68,159
26/08/2022,32.69,1.58,73.16,150
17/09/2015,14.12,1.67,240.72,108
04/05/2024,48.37,1.92,82.04,173
10/05/2015,17.58,2.15,54.02,1
27/06/2020,38.37,1.84,49.18,48
25/03/2025,38.24,1.63,113.82,153
10/05/2019,12.09,1.82,99.01,44
29/08/2020,15.89,1.62,46.62,179
07/11/2025,41.87,2.19,118.35,125
25/08/2018,19.72,1.36,44.6,66
04/06/2024,53.45,1.97,144.11,193
16/06/2022,36.0,1.47,150.71,43
13/06/2024,13.93,1.46,229.76,140
30/07/2023,42.02,1.74,198.9,100
24/05/2015,22.58,1.51,123.34,165
24/05/2015,17.01,2.2,221.37,187
20/03/2016,58.45,1.7,129.39,157
01/03/2023,29.62,1.66,238.99,34
09/04/2016,13.52,1.8,58.43,39
09/06/2016,40.61,1.51,104.0,82
11/06/2016,58.98,1.83,249.79,129
25/07/2018,48.71,1.67,169.07,189
14/05/2025,41.06,1.32,173.85,79
26/10/2023,59.94,2.13,39.97,61
06/07/2016,32.84,1.37,91.13,72
11/08/2021,52.51,1.67,184.51,27
01/06/2025,51.55,1.36,172.17,113
19/07/2020,33.02,1.46,154.82,20
18/12/2022,13.67,1.42,179.95,159
30/05/2015,51.97,2.0,233.42,27
14/10/2021,27.85,1.4,110.8,67
01/03/2018,27.84,1.51,35.55,31
09/03/2023,56.06,1.56,121.51,1
28/11/2024,55.12,2.15,33.28,45
28/03/2021,34.83,1.51,182.39,130
12/12/2021,55.79,1.7,124.09,168
25/02/2019,51.65,1.56,162.33,26
01/01/2024,11.68,1.83,82.83,187
20/07/2016,18.72,2.19,30.67,151
15/10/2016,54.36,1.3,226.47,121
18/08/2023,18.02,1.58,33.76,92
15/06/2023,46.45,1.54,190.91,124
24/11/2020,21.45,1.79,73.02,197
28/03/2015,37.17,1.73,85.07,32
09/10/2016,56.96,1.63,223.59,96
24/10/2025,42.21,1.4,124.98,172
28/05/2022,58.22,2.09,247.35,20
17/02/2023,47.81,1.7,131.71,115
10/06/2024,34.98,1.6,91.28,84
26/03/2021,34.95,1.34,195.14,135
09/12/2018,19.83,2.16,38.51,163
06/03/2020,11.99,1.34,197.99,98
04/04/2024,38.28,1.87,41.5,200
09/05/2024,38.2,2.03,74.85,15
03/02/2018,14.63,1.29,187.49,107
09/11/2020,21.63,1.25,148.06,188
17/08/2023,13.34,1.95,84.25,19
27/01/2022,47.43,1.21,150.52,159
27/03/2023,17.24,1.2,135.68,49
13/09/2019,45.34,1.49,162.17,27
21/04/2016,25.1,1.92,118.76,147
20/07/2021,40.25,1.38,72.28,69
05/08/2022,17.32,2.19,170.49,6
11/02/2023,54.41,2.07,248.27,185
07/04/2020,26.8,2.0,96.13,192
28/06/2021,31.97,1.69,104.82,131
22/05/2018,28.22,2.2,129.1,23
27/01/2016,27.42,1.67,202.29,86
19/02/2020,47.05,1.5,60.87,116
19/11/2023,52.17,2.18,60.96,53
27/06/2018,53.72,2.09,43.44,141
04/12/2015,21.22,1.41,99.48,171
30/01/2024,10.21,2.0,56.5,46
24/08/2024,57.75,1.68,181.11,167
27/02/2016,52.81,1.78,77.07,6
17/01/2025,55.71,1.73,227.79,31
25/01/2019,27.91,1.82,78.84,94
15/07/2022,57.69,1.46,210.86,101
14/03/2022,56.72,1.5,103.51,81
15/12/2018,21.72,1.83,130.37,161
05/04/2025,24.21,1.64,212.34,106
12/07/2021,43.79,2.09,100.85,186
30/12/2018,43.15,2.13,161.57,150
28/10/2021,42.71,2.11,48.96,72
27/05/2019,17.07,1.55,44.18,148
28/10/2024,46.53,1.57,122.22,132
20/03/2015,51.56,2.18,84.06,87
03/01/2019,30.69,1.99,154.19,197
09/05/2022,14.16,1.94,51.44,174
31/03/2015,54.09,1.65,83.03,50
18/03/2016,56.87,1.8,160.93,134
06/08/2025,51.22,2.11,179.32,144
04/06/2017,32.2,1.27,247.19,183
04/12/2019,20.66,1.77,34.49,78
20/05/2024,50.57,1.37,213.38,89
08/06/2022,21.26,1.36,226.43,54
01/07/2016,13.91,1.38,80.3,87
09/12/2024,47.94,1.39,162.3,4
30/05/2023,40.89,1.6,33.13,1
26/05/2024,32.11,2.18,76.11,140
29/09/2021,50.54,1.29,61.13,179
12/02/2025,51.86,1.89,143.75,4
22/02/2019,28.78,1.71,205.7,134
08/10/2022,27.88,1.28,182.98,128
18/07/2016,38.89,1.39,195.15,37
29/08/2022,58.78,1.66,98.73,200
02/10/2015,29.64,1.81,242.98,57
20/05/2022,45.22,1.68,112.11,186
07/06/2020,14.39,1.77,132.69,81
05/08/2020,46.72,2.11,80.73,34
23/10/2018,19.81,1.36,84.98,173
06/03/2023,24.31,1.41,108.92,196
22/05/2023,14.99,1.84,186.59,45
07/03/2017,40.87,2.09,205.01,187
17/11/2021,47.93,1.86,68.7,16
12/01/2021,55.79,1.6,130.57,39
28/08/2024,20.17,1.72,139.17,111
26/09/2019,35.38,1.49,114.25,142
11/10/2018,37.85,2.08,106.99,183
10/12/2020,49.42,1.9,143.27,159
02/12/2018,23.04,1.4,116.64,151
30/10/2019,49.77,1.76,195.45,13
29/01/2024,28.55,2.12,205.14,108
16/04/2015,51.9,1.38,121.59,52
21/11/2023,11.79,1.75,77.36,23
04/01/2020,32.69,1.77,162.24,89
28/12/2019,52.79,1.92,67.09,43
16/01/2024,59.57,1.29,51.66,187
17/10/2015,16.3,1.89,217.55,55
21/09/2016,40.69,1.69,172.91,197
12/10/2021,41.34,1.88,146.17,118
17/12/2025,17.64,1.87,206.82,156
01/10/2023,12.5,1.31,109.35,7
25/07/2024,54.2,1.49,99.92,179
09/09/2022,22.92,2.18,85.6,45
24/05/2025,46.24,1.81,114.15,91
28/08/2019,21.75,1.77,36.16,25
12/12/2015,20.78,1.4,246.27,95
06/05/2021,43.97,1.2,153.62,126
23/05/2024,12.28,2.18,71.19,13
18/05/2021,41.88,1.22,108.63,12
20/05/2021,11.57,1.23,151.13,80
23/09/2022,53.03,1.87,169.25,35
08/09/2017,28.94,1.35,38.89,168
01/09/2015,18.99,1.37,174.64,8
30/12/2016,19.68,1.81,208.69,79
28/11/2023,19.45,1.27,40.49,1
23/11/2016,15.16,1.24,161.37,154
27/04/2017,41.24,2.0,190.18,48
06/06/2021,54.62,2.13,34.45,176
16/02/2015,50.37,1.74,75.09,10
07/08/2021,15.95,1.81,151.71,178
05/04/2024,32.57,1.58,180.51,39
03/11/2024,12.56,1.8,219.14,25
22/02/2022,47.13,1.5,44.69,1
13/08/2024,49.35,1.46,160.88,35
27/11/2022,32.75,1.66,231.13,25
04/12/2015,34.59,1.68,140.29,36
16/11/2015,42.23,1.55,243.16,16
03/07/2021,42.69,1.37,78.0,158
19/09/2015,16.25,2.11,227.14,124
30/06/2021,25.02,1.71,168.84,190
28/03/2019,55.86,1.56,79.56,140
11/08/2017,42.86,1.29,118.19,90
02/11/2019,30.0,1.98,150.21,50
27/02/2018,40.88,1.65,227.8,180
08/05/2017,57.33,2.16,115.0,137
09/08/2016,14.86,1.47,87.62,170
06/02/2024,19.23,1.73,168.2,134
13/05/2018,11.04,1.9,247.98,47
11/05/2015,49.11,1.46,180.03,145
27/07/2021,56.68,1.69,198.05,135
29/05/2024,30.77,1.92,102.4,134
14/11/2016,19.28,1.4,42.85,165
14/11/2023,42.71,1.7,91.7,177
22/10/2023,57.18,1.69,156.19,138
19/07/2019,18.21,2.17,89.58,130
09/01/2021,50.86,1.48,147.31,7
22/11/2021,55.54,1.45,136.17,161
18/06/2017,45.19,1.57,154.21,151
11/10/2015,28.95,1.22,216.15,81
28/01/2023,15.17,1.43,127.76,81
04/11/2018,52.92,1.24,76.42,13
21/07/2021,29.51,1.41,191.96,127
17/02/2020,49.96,1.32,122.66,51
27/03/2016,54.6,1.52,221.49,120
26/10/2015,29.69,1.45,80.69,59
18/01/2018,45.79,2.2,59.83,167
12/05/2020,13.0,2.1,164.81,71
14/09/2016,14.64,1.65,234.09,48
29/03/2022,52.25,1.27,148.0,81
26/03/2022,39.71,1.33,168.61,195
11/09/2016,54.72,1.99,157.76,81
12/06/2019,27.68,1.58,206.77,35
13/11/2023,36.17,1.55,239.73,114
26/03/2018,47.08,1.7,152.45,179
16/03/2019,42.57,1.58,67.28,32
29/07/2018,20.19,1.78,190.28,72
08/08/2017,17.54,1.8,170.18,17
21/02/2021,35.6,2.07,95.06,133
10/10/2024,33.62,2.16,46.15,186
22/04/2020,38.79,1.62,97.54,101
04/10/2020,41.9,2.1,118.51,121
12/04/2021,25.84,1.25,180.96,127
18/04/2016,54.79,1.58,123.71,18
21/05/2018,46.15,1.26,197.2,192
31/08/2022,37.58,1.26,154.33,166
28/04/2024,58.35,1.64,65.63,20
01/09/2021,34.6,2.03,74.39,187
14/04/2022,19.88,1.23,84.26,84
11/09/2017,57.71,1.27,90.98,9
11/08/2021,23.64,1.63,249.95,158
31/03/2016,27.05,1.5,240.05,126
26/07/2016,41.65,1.52,150.93,73
15/03/2019,38.32,2.19,229.0,12
19/09/2023,20.76,1.84,75.44,109
04/01/2025,27.26,1.59,162.44,135
05/08/2015,29.95,1.98,204.83,38
10/04/2015,33.42,1.69,218.14,172
25/03/2019,20.61,2.18,85.45,131
10/06/2016,14.69,1.68,47.21,60
09/03/2022,57.74,2.03,30.92,162
22/05/2023,10.5,1.26,49.22,167
09/10/2018,22.06,1.24,244.47,149
06/05/2016,30.22,2.19,174.84,149
24/12/2025,45.37,1.97,177.0,23
13/06/2021,40.7,1.64,226.37,171
16/01/2022,27.43,1.28,136.17,29
06/05/2025,12.4,1.71,129.29,55
29/05/2020,23.91,1.48,233.56,140
17/03/2020,15.86,1.4,231.95,156
16/09/2023,15.13,2.1,160.02,197
18/10/2023,46.42,1.33,216.76,167
02/07/2015,10.54,1.59,30.07,50
16/03/2019,27.96,1.65,206.63,96
13/09/2018,38.59,2.04,52.83,127
14/03/2019,39.82,1.86,108.98,17
29/10/2024,24.31,1.26,53.95,80
04/05/2019,20.4,1.58,213.81,123
05/02/2016,35.69,1.67,62.36,7
09/07/2025,18.21,1.29,139.34,119
27/11/2016,58.6,1.93,189.37,99
11/10/2020,36.45,1.51,116.0,61
27/01/2025,53.62,1.91,107.62,108
18/06/2023,31.1,1.78,49.53,3
15/07/2023,40.12,1.23,48.26,80
12/04/2019,18.57,2.17,211.28,167
18/05/2021,58.99,1.36,157.17,71
09/10/2017,42.86,1.96,120.91,4
01/12/2018,29.35,1.95,67.93,69
25/06/2024,13.61,1.31,68.0,46
08/11/2015,23.68,1.8,90.69,137
06/12/2025,58.88,2.17,89.61,152
29/05/2016,26.58,1.86,231.64,107
14/03/2020,45.24,2.09,149.64,127
30/09/2016,30.58,1.61,50.96,88
25/02/2017,59.27,1.67,67.6,134
13/01/2017,47.82,1.83,60.96,186
13/07/2023,49.87,1.99,197.68,7
16/03/2019,13.1,1.47,197.26,188
14/05/2019,28.14,2.14,39.95,96
25/01/2017,37.27,1.38,186.19,21
26/02/2020,49.18,2.0,149.7,66
17/06/2021,11.15,2.09,158.09,47
04/09/2024,46.27,1.27,168.19,148
07/11/2023,42.2,1.66,193.15,52
23/11/2018,12.02,2.19,87.22,83
22/01/2019,40.73,1.39,135.04,131
09/10/2022,20.77,1.41,238.31,97
19/04/2022,30.34,1.43,153.43,12
11/04/2024,45.71,1.31,216.41,136
10/10/2023,39.72,1.67,40.89,194
24/04/2020,19.9,1.95,111.86,5
13/12/2024,22.98,1.8,92.55,136
16/01/2017,13.19,1.68,123.21,146
01/04/2016,54.65,1.59,162.63,35
04/10/2024,10.59,1.9,43.49,91
26/08/2020,51.18,1.83,105.95,24
13/04/2016,45.11,1.39,96.81,26
31/12/2018,37.23,1.82,66.62,19
17/08/2020,57.31,1.8,40.22,86
05/06/2019,10.09,1.5,61.1,104
16/10/2019,21.99,1.89,181.03,172
28/08/2023,40.11,1.79,150.19,170
30/08/2021,14.51,2.11,44.18,65
23/01/2016,31.11,1.59,74.46,164
08/06/2025,45.82,1.46,68.11,136
06/10/2020,32.8,1.56,33.24,159
07/03/2019,55.03,1.81,134.44,19
16/05/2015,57.71,1.3,204.5,155
21/05/2024,56.42,1.31,71.07,127
11/07/2015,20.1,1.41,191.87,39
27/11/2017,47.98,1.28,126.41,114
13/01/2025,58.77,1.29,203.55,69
13/04/2018,50.38,1.85,191.91,72
03/08/2016,45.46,2.17,221.0,192
24/09/2017,31.99,2.19,229.7,83
30/06/2023,51.31,2.04,77.28,101
09/11/2019,46.23,1.67,188.44,134
02/02/2021,21.81,1.67,227.56,80
27/09/2017,42.5,1.99,91.18,74
14/06/2025,30.13,1.99,153.5,74
13/03/2017,33.5,2.05,203.95,127
26/05/2018,25.1,1.7,74.14,184
16/07/2018,46.61,1.66,48.47,195
09/03/2023,28.76,1.28,107.45,159
05/05/2020,28.05,1.58,239.5,15
20/01/2023,47.27,1.63,231.12,107
18/09/2017,36.45,1.52,113.04,37
04/02/2015,19.51,2.07,232.79,29
06/10/2018,32.71,1.39,246.42,66
05/03/2018,33.59,1.44,210.89,110
18/10/2021,31.71,2.04,117.74,179
21/01/2021,25.94,1.98,63.08,74
14/08/2024,35.13,1.71,110.95,183
18/04/2023,12.81,1.72,127.13,75
03/04/2018,12.24,2.08,231.27,66
26/10/2024,49.28,1.34,79.45,67
27/12/2016,35.79,1.74,178.06,136
23/02/2023,45.34,1.25,185.9,116
14/02/2025,33.42,2.01,197.26,93
17/09/2022,39.27,1.67,86.49,50
05/11/2015,38.04,1.25,56.12,197
11/10/2016,22.76,1.31,30.44,115
31/08/2025,42.1,1.85,106.22,160
23/08/2021,16.5,1.71,130.2,28
10/07/2019,34.69,2.13,226.07,79
23/03/2024,33.65,1.66,147.97,153
23/11/2018,30.28,1.23,248.19,189
02/08/2020,13.51,1.59,66.53,91
16/08/2016,32.92,2.14,220.03,193
15/07/2017,51.15,2.1,89.47,89
28/06/2025,16.22,1.23,134.34,114
06/12/2023,41.8,1.26,134.87,94
02/09/2016,36.32,2.16,191.23,198
07/11/2015,20.39,1.88,135.64,74
06/12/2020,49.55,2.06,228.46,166
22/01/2015,51.11,1.38,152.79,8
08/03/2024,53.36,1.72,212.34,161
26/08/2015,58.69,1.54,108.95,63
25/01/2023,50.04,1.41,118.09,134
14/11/2020,22.28,1.72,37.27,34
05/04/2019,15.58,2.19,115.01,104
06/12/2025,34.67,1.57,231.49,79
05/07/2015,58.34,1.22,196.55,126
16/09/2021,48.63,1.93,185.09,115
09/02/2016,28.49,1.33,92.5,103
23/05/2019,19.63,1.96,74.82,48
11/12/2018,55.05,2.03,231.36,51
24/09/2016,22.06,1.6,112.68,26
03/11/2016,32.32,1.76,134.82,186
19/11/2021,10.51,1.83,83.28,63
28/12/2021,37.9,1.89,47.47,46
07/07/2022,36.98,1.58,174.5,166
15/12/2017,45.36,2.14,154.71,121
24/08/2018,35.59,1.36,160.79,182
18/06/2022,28.18,1.98,83.16,50
28/04/2017,37.15,1.82,150.47,76
25/03/2015,53.54,1.99,129.19,168
21/12/2020,19.03,1.78,139.78,152
05/06/2022,48.64,1.43,146.8,173
29/12/2017,38.83,1.89,192.81,11
05/02/2023,39.98,1.29,91.74,120
30/07/2020,26.94,2.03,30.5,37
24/04/2017,49.24,1.86,203.72,61
31/01/2016,57.45,1.53,31.95,98
12/06/2019,31.15,1.47,225.75,128
26/12/2024,19.12,1.68,41.62,25
31/05/2024,51.93,1.28,168.05,119
07/05/2023,26.74,1.91,40.6,187
26/03/2015,49.93,1.84,214.3,67
15/06/2023,25.37,2.17,130.78,123
15/11/2019,16.79,1.49,211.68,24
05/09/2015,42.5,2.16,170.02,111
27/06/2020,10.1,1.33,62.17,48
31/01/2015,54.57,1.6,135.64,10
14/11/2021,13.98,1.34,146.02,100
03/09/2022,21.18,1.52,223.16,99
26/02/2020,27.33,1.52,100.67,192
26/03/2015,10.96,1.55,176.74,193
05/01/2022,30.0,1.65,200.1,153
08/11/2020,20.88,1.74,108.7,50
03/06/2023,39.59,1.79,132.93,50
08/01/2021,55.7,2.17,58.2,146
22/04/2022,37.16,2.01,216.32,12
27/08/2023,20.48,1.72,165.16,194
09/02/2019,29.1,1.44,77.1,30
22/06/2017,15.56,1.54,123.8,54
19/02/2022,43.66,1.92,214.02,193
22/04/2017,30.46,1.55,235.74,70
20/06/2017,22.58,2.18,97.85,115
21/05/2023,21.08,1.88,172.85,49
11/07/2018,41.05,1.25,133.48,167
25/09/2019,23.38,1.64,104.27,199
23/12/2015,56.6,1.68,47.92,60
10/03/2017,27.69,1.96,186.19,16
10/12/2024,57.77,1.55,147.19,7
20/02/2016,51.58,2.11,188.96,195
06/05/2021,57.88,2.18,96.53,73
14/07/2017,22.53,1.62,192.26,134
09/08/2025,36.67,1.94,171.5,170
09/07/2019,10.97,1.57,229.43,90
07/11/2021,14.41,1.47,151.09,147
01/10/2025,13.08,1.7,208.02,44
18/09/2019,20.03,1.55,240.93,199
16/12/2022,43.63,1.79,161.5,24
29/01/2016,48.92,1.77,75.87,170
15/09/2018,42.46,1.28,34.87,150
26/04/2025,24.83,1.69,178.96,20
25/10/2022,38.46,1.53,51.31,176
24/08/2018,24.5,2.12,183.79,115
12/02/2025,58.48,1.91,170.85,143
24/08/2025,15.62,1.59,146.3,143
04/01/2021,46.22,1.74,208.66,94
05/06/2018,55.86,1.6,185.88,159
16/10/2020,28.63,1.37,154.43,27
08/01/2021,45.14,2.18,44.97,115
02/11/2023,27.94,1.71,237.1,173
28/03/2016,16.73,1.55,74.3,167
12/06/2022,37.81,1.44,168.12,40
19/03/2015,15.11,1.79,87.28,89
10/10/2018,16.92,1.56,158.76,138
10/05/2022,30.51,1.63,101.72,165
05/06/2018,11.48,2.1,241.74,104
08/05/2015,13.72,2.09,176.76,107
08/04/2025,15.24,1.34,89.72,162
11/09/2018,54.13,1.97,209.76,118
19/11/2015,29.22,1.9,176.26,187
09/05/2022,28.48,1.75,231.59,190
15/10/2022,51.47,1.84,200.17,67
12/11/2022,29.01,1.29,164.07,36
31/08/2024,36.04,1.31,85.29,166
25/06/2016,20.14,1.93,236.96,139
21/09/2018,48.64,1.83,78.33,134
12/06/2023,29.78,1.26,77.49,112
25/09/2020,43.28,1.75,82.12,131
08/02/2024,53.68,1.34,157.42,161
02/06/2022,33.91,1.49,217.95,6
01/06/2025,22.12,1.82,105.52,19
23/06/2020,29.27,2.04,193.57,7
12/01/2018,27.96,1.23,60.71,25
03/05/2019,36.78,1.61,167.34,27
29/08/2021,42.57,1.88,137.42,121
13/01/2019,41.35,1.22,67.05,142
09/02/2019,35.81,2.05,97.2,144
07/04/2024,52.0,1.34,101.55,147
18/09/2017,45.12,1.97,133.36,151
16/02/2025,39.28,1.46,112.22,172
09/05/2018,52.26,1.37,168.87,93
25/10/2016,33.39,1.65,163.95,85
20/09/2020,33.23,1.55,244.95,7
04/07/2020,14.37,1.33,94.77,18
25/11/2016,26.92,1.68,169.58,174
25/06/2025,20.47,2.07,175.33,105
02/07/2023,54.49,1.55,206.84,37
01/03/2016,35.09,1.78,113.29,113
03/01/2019,30.72,1.53,234.6,192
27/10/2021,42.04,1.61,97.08,165
20/10/2025,10.74,1.46,45.36,16
17/04/2022,42.46,1.78,230.36,171
16/07/2021,50.4,1.95,154.57,38
08/11/2016,54.73,1.74,161.59,141
21/05/2021,26.22,1.84,143.87,117
07/05/2023,28.3,1.53,218.69,106
08/04/2024,27.02,1.79,85.27,54
16/12/2018,26.31,1.76,238.97,54
11/09/2017,39.59,1.68,70.91,86
18/11/2020,28.28,2.07,114.92,179
20/12/2018,59.28,1.89,104.06,132
27/01/2025,40.43,2.2,149.78,14
14/11/2022,16.96,1.84,174.59,66
17/02/2019,33.56,1.28,199.84,151
05/12/2018,58.21,1.82,87.19,70
13/04/2018,26.79,1.89,124.5,82
04/10/2018,12.6,1.44,87.31,30
22/04/2024,28.8,2.12,40.18,127
11/09/2022,41.85,1.9,139.78,96
20/07/2017,18.1,1.33,129.2,126
13/06/2023,41.47,1.85,51.11,79
26/02/2020,51.8,1.26,215.62,71
31/03/2016,14.5,1.23,194.06,142
16/11/2017,25.8,1.37,163.77,14
21/09/2025,10.22,1.52,225.48,42
19/06/2019,39.58,2.1,190.05,76
23/06/2021,45.81,1.8,145.38,193
04/12/2019,21.05,1.87,162.18,167
03/04/2025,12.63,1.74,198.06,130
02/08/2024,53.27,2.12,169.03,6
16/01/2015,48.65,2.17,220.3,179
27/06/2021,47.5,1.36,125.25,76
21/05/2022,53.38,2.19,71.01,128
21/11/2015,45.54,1.61,223.8,109
21/11/2025,26.48,1.43,218.56,173
03/04/2023,39.56,1.74,73.41,173
20/04/2016,51.61,2.11,152.53,149
11/01/2019,42.67,1.62,144.18,102
01/04/2016,59.18,1.62,35.43,51
22/12/2022,11.19,1.26,208.22,62
30/12/2021,49.32,2.14,72.67,87
23/03/2020,42.86,1.76,54.62,119
28/11/2020,25.13,1.35,242.01,185
05/08/2019,14.2,1.4,118.9,19
19/04/2019,52.71,2.07,102.63,42
17/01/2019,19.76,1.78,226.15,99
04/06/2025,53.24,2.03,167.54,64
09/03/2018,31.99,1.93,75.51,196
11/06/2018,52.29,1.55,202.58,155
25/09/2016,25.29,1.59,95.35,114
01/08/2017,26.29,2.08,35.98,177
13/08/2020,51.96,1.61,138.74,93
31/05/2019,30.96,1.83,93.54,32
02/01/2023,11.64,1.54,47.25,66
18/06/2018,32.05,1.43,209.8,78
14/06/2023,38.37,1.67,195.69,162
26/06/2018,33.19,2.12,140.86,119
31/08/2016,36.58,1.43,117.19,107
15/05/2020,13.73,1.65,188.12,45
29/06/2023,36.85,1.32,38.59,3
03/01/2023,47.69,1.63,170.89,123
21/03/2022,40.15,2.09,134.83,131
29/08/2021,50.0,1.38,156.68,42
30/11/2024,27.21,1.33,180.39,138
02/12/2020,44.53,2.12,93.57,123
13/02/2020,10.46,1.72,242.63,136
13/05/2017,55.74,1.51,196.77,93
31/03/2015,43.73,1.79,197.98,176
10/04/2017,18.51,1.33,157.74,169
23/08/2025,29.68,1.67,227.63,196
16/05/2019,19.06,1.61,219.26,60
01/01/2022,29.81,2.2,122.33,151
09/12/2024,47.84,1.36,57.15,14
01/01/2022,29.65,1.24,98.88,123
08/02/2021,48.11,2.16,171.54,104
20/09/2015,35.13,1.5,156.51,180
08/05/2024,51.51,1.59,83.37,12
19/05/2018,53.74,1.46,228.17,18
10/05/2018,27.46,1.82,87.95,170
13/08/2021,26.21,1.32,213.25,181
11/03/2017,33.69,1.31,46.65,6
27/04/2021,27.58,1.29,82.6,101
07/12/2025,50.33,1.39,184.16,152
31/05/2021,18.93,1.49,34.53,132
12/11/2018,40.6,2.09,30.97,21
26/05/2021,35.36,1.33,63.32,10
21/04/2017,37.4,1.47,199.42,158
31/03/2021,43.36,1.59,55.0,103
14/05/2023,20.17,1.94,106.31,14
04/01/2022,43.23,1.76,41.61,12
07/01/2017,16.54,1.78,34.44,16
13/07/2025,40.42,1.36,194.66,3
15/06/2024,16.99,1.63,65.22,82
01/09/2025,49.77,1.6,226.37,153
23/05/2016,10.07,2.09,225.3,142
26/08/2017,42.97,1.86,228.46,109
13/06/2022,55.25,1.75,141.06,98
22/09/2016,54.51,1.74,243.56,181
14/06/2023,35.54,1.32,248.01,19
15/02/2016,52.73,1.61,132.62,75
19/11/2020,54.23,1.81,56.88,128
11/05/2016,39.2,2.14,125.35,105
24/07/2019,57.72,2.12,142.12,48
15/06/2017,32.51,2.12,241.86,1
13/11/2017,18.96,1.24,245.73,193
17/04/2020,35.07,1.27,82.71,153
05/02/2021,51.94,1.53,99.64,55
04/01/2016,11.74,2.1,140.53,160
30/08/2018,52.01,1.23,118.28,20
29/09/2018,43.6,2.11,157.56,176
23/12/2020,16.56,1.57,59.91,138
16/09/2023,46.36,1.69,139.57,11
27/04/2020,45.81,1.72,123.72,138
12/06/2024,38.92,2.13,173.37,82
31/10/2020,47.7,1.76,237.02,61
08/10/2025,47.5,1.65,120.5,26
17/10/2024,41.73,1.59,227.33,12
02/03/2020,36.17,1.72,41.35,43
31/07/2020,46.31,1.84,84.19,124
01/05/2023,48.61,1.54,92.01,53
04/11/2019,34.77,1.38,137.52,197
04/11/2024,38.56,1.54,75.32,180
10/04/2019,47.59,1.25,136.56,61
05/01/2020,37.0,1.91,52.91,25
12/08/2024,45.67,1.65,81.81,20
09/05/2015,16.99,1.79,118.26,43
05/04/2019,24.63,2.02,159.4,45
13/01/2021,36.66,1.38,161.72,167
24/07/2024,44.85,1.31,195.97,183
10/05/2022,19.4,2.2,67.62,65
30/11/2017,51.77,1.72,188.77,188
12/08/2022,13.23,1.22,157.19,61
25/11/2018,33.5,1.46,182.8,86
20/12/2022,54.79,1.83,249.46,73
14/06/2024,28.32,1.59,235.18,131
28/02/2018,49.0,1.82,185.47,119
24/05/2018,15.31,2.08,197.24,108
05/04/2015,33.99,2.06,211.79,117
04/01/2015,44.42,1.41,235.94,191
01/05/2022,36.13,2.17,145.02,69
10/12/2016,12.66,1.71,243.82,57
22/11/2021,52.76,1.92,188.74,179
03/10/2020,46.21,2.06,160.26,14
11/05/2023,13.8,1.83,152.19,164
13/10/2021,57.34,1.84,91.93,8
25/09/2019,32.46,2.05,128.13,85
18/10/2025,33.06,1.76,241.24,155
28/04/2018,40.84,1.66,148.03,200
13/04/2024,37.79,1.81,184.8,128
28/11/2016,30.49,1.86,177.08,2
10/03/2024,49.6,1.75,75.23,55
15/08/2022,47.29,1.74,60.33,23
26/02/2019,10.65,1.31,235.1,4
30/08/2015,54.76,1.62,123.72,102
19/10/2017,12.61,1.79,95.76,106
21/09/2025,25.82,1.47,78.26,64
14/12/2018,18.59,1.78,80.19,175
10/10/2018,18.34,1.7,223.02,187
26/12/2018,31.25,1.49,95.43,74
27/09/2022,26.05,1.39,189.27,107
02/11/2018,12.57,1.34,198.8,123
06/01/2024,45.65,1.92,206.88,141
15/07/2018,48.93,1.45,212.76,174
18/02/2025,34.3,1.69,104.52,94
11/09/2021,47.88,2.09,162.56,118
12/12/2017,30.52,1.69,65.08,31
17/06/2017,25.0,1.92,100.58,151
27/04/2023,18.42,1.6,107.19,130
01/08/2021,28.15,1.42,120.38,73
11/10/2024,18.93,2.16,44.14,21
21/07/2020,16.92,2.06,159.88,76
20/07/2019,27.35,1.42,99.73,163
11/03/2018,51.57,2.17,66.6,156
15/02/2024,19.59,1.73,58.31,99
28/11/2023,21.27,1.96,249.15,141
17/03/2015,50.11,1.75,119.51,197
07/08/2024,42.13,1.24,81.29,46
12/10/2017,37.62,1.97,69.24,161
22/06/2017,39.03,1.85,50.06,174
21/05/2020,24.17,2.03,225.77,109
10/12/2023,52.65,1.52,227.62,145
07/06/2023,43.2,1.4,86.15,147
15/03/2018,36.21,2.01,129.85,187
26/12/2019,28.92,1.61,81.67,85
09/11/2015,26.2,1.54,129.24,15
01/11/2020,46.66,1.75,59.87,121
05/10/2017,14.78,1.5,188.76,88
22/04/2021,51.03,2.1,98.07,48
01/01/2024,11.04,1.29,153.62,105
31/08/2019,11.24,1.93,198.89,109
13/01/2020,37.42,1.65,162.2,149
15/06/2016,25.56,1.89,89.89,177
10/01/2022,33.24,1.99,245.73,171
31/07/2021,25.79,1.28,196.67,141
03/03/2019,46.48,1.74,174.02,178
21/03/2019,37.14,1.8,113.07,189
19/10/2016,55.14,1.72,233.32,38
14/09/2018,33.66,1.3,96.27,27
06/11/2017,30.86,1.21,68.24,171
12/02/2020,55.64,1.93,231.53,141
21/02/2015,41.91,1.25,147.75,184
14/07/2018,51.98,1.57,223.44,55
20/12/2024,15.78,2.0,249.81,18
11/11/2016,36.41,1.59,90.18,125
11/10/2025,23.94,1.37,178.43,100
16/08/2020,58.29,1.76,42.18,159
09/04/2019,29.33,1.48,73.62,49
04/08/2020,18.6,1.77,181.56,147
17/06/2021,29.87,2.13,138.53,126
23/06/2017,56.64,1.87,225.87,152
12/07/2023,17.19,1.58,142.01,182
24/07/2016,10.36,1.92,54.71,97
14/10/2023,13.92,1.43,245.27,75
16/05/2025,10.27,2.13,42.56,116
20/09/2020,35.9,1.53,249.17,141
04/12/2024,34.49,1.99,80.42,74
18/01/2021,16.21,1.3,146.66,110
01/02/2019,41.26,1.63,190.37,188
06/01/2019,13.89,1.24,68.62,38
02/04/2015,34.31,1.65,235.1,140
09/11/2022,45.01,1.65,123.35,26
14/03/2020,48.15,2.04,143.19,144
28/07/2015,50.74,1.68,126.37,114
15/09/2015,11.06,1.69,51.14,13
29/01/2021,14.52,1.44,227.8,182
20/04/2019,16.67,1.87,158.24,36
29/12/2019,23.09,1.44,199.72,162
27/04/2025,11.86,1.56,210.31,151
29/03/2018,23.24,1.9,167.89,168
23/03/2017,52.0,1.63,133.79,29
09/09/2025,45.12,2.07,135.8,96
19/12/2019,38.69,1.74,247.99,24
11/02/2025,34.4,1.8,30.22,116
